FID,class,residue,VVresidue,VHresidue,span,ratio,product,rvi,B2,B3,B4,B8,B12,NDRI,NDTI,NDI7,STI
0,0,TC,1.020454596,-3.620208907,3.761281711,-0.281877268,-3.694258818,1.392519628,1150,1620,2302,3342,2905,-0.115805648,0.149590164,0.069953576,1.351807237
1,0,TC,-2.357067542,-5.339987994,5.837057407,0.441399408,12.58671238,0.693770231,878,1176,1686,2563,2508.5,-0.196090102,0.136860207,0.010746298,1.317121744
2,0,TC,2.532652285,-8.669880796,9.032228994,-0.292120774,-21.95779341,1.412670358,967,1372,1934,2897,2800,-0.182931975,0.128811523,0.017026598,1.295715213
3,0,TC,2.270726862,-8.330161524,8.634106295,-0.272590976,-18.91552154,1.374742363,1081,1445,2035,3054,2810.5,-0.160045817,0.131355286,0.041521024,1.302437305
4,0,TC,0.142212131,0.739589789,0.753138331,0.192285147,0.10517864,0.838725537,839,1158,1690,2496,2097,-0.107472934,0.151699036,0.086871326,1.357653737
5,0,TC,-1.876039422,-0.980244373,2.116696233,1.913848704,1.838977086,0.343188718,919,1270,1804,2612,2303,-0.121499881,0.137937486,0.062868766,1.320017338
6,0,TC,0.359574876,0.909601435,0.978094506,0.395310366,0.327069823,0.716686426,981,1266,1864,2614,1990,-0.032693304,0.166666672,0.135534316,1.399999976
7,0,TC,0.669697774,-2.509555655,2.597376502,-0.266859104,-1.680643835,1.363994296,1030,1462,2132,3078,2702,-0.117914774,0.138667524,0.065051906,1.321983695
8,0,TC,2.64805933,1.644504653,3.117148339,1.610247392,4.35474589,0.383105449,1009,1400,2054,3012,2571,-0.11178378,0.147122249,0.078989789,1.345001936
9,0,TC,4.350535059,2.191573941,4.871360348,1.985118995,9.534519266,0.334995021,1164,1618,2284,3334,2796,-0.100787401,0.140353575,0.08776509,1.326537967
10,0,TC,-0.650389382,-1.362875345,1.510111107,0.477218539,0.886399653,0.676947908,1011,1408,2046,3032,2694,-0.136708856,0.140121296,0.059028991,1.325909376
11,0,TC,3.230357446,-0.559124269,3.278388198,-5.777530369,-1.806171247,-0.209313164,1035,1420,2044,3017,2618.5,-0.123217151,0.154094651,0.070712425,1.364330769
12,0,TC,4.007714685,6.299697267,7.46645583,0.636175758,25.24738925,0.611181284,1116,1560,2256,3230,2598,-0.070457354,0.154709607,0.108442001,1.366050839
13,0,TC,3.723345312,3.745324861,5.281170195,0.994131471,13.94513776,0.50147145,1166,1586,2296,3266,2616,-0.06514658,0.14788273,0.110506631,1.347094774
14,0,TC,1.388634222,2.766789389,3.095711312,0.501893721,3.842058432,0.665826074,1176,1592,2306,3252,2797,-0.096217908,0.141102403,0.075219043,1.328566313
15,0,TC,-2.149862123,3.926363852,4.476409302,-0.547545313,-8.441140924,2.210166074,1032,1426,2066,2930,2417,-0.078295782,0.141232908,0.095941648,1.328920126
16,0,TC,3.938667957,3.29731062,5.136668434,1.194509226,12.98701168,0.45568275,1154,1620,2366,3330,2618,-0.050561797,0.141920686,0.119704105,1.330786824
17,0,TC,5.133276144,2.888826755,5.890317817,1.776941499,14.82914547,0.360108414,1116,1482,2132,3056,2560,-0.091219097,0.142522186,0.088319086,1.332421899
18,0,TC,-4.185019285,0.238835599,4.19182882,-17.52259421,-0.999531588,-0.060523183,1154,1546,2236,3274,2923,-0.133165345,0.139534891,0.056640308,1.324324369
19,0,TC,-2.151769777,0.222696677,2.163263041,-9.66233447,-0.479191979,-0.115442321,1120,1518,2176,3056,2762,-0.118671529,0.13714464,0.050532829,1.317885637
20,0,TC,1.098236272,2.886617171,3.088475611,0.380457888,3.170187681,0.724397324,1186,1600,2282,3238,2585,-0.062256008,0.149950668,0.112141505,1.352804661
21,0,TC,2.182783304,-0.726057941,2.300370206,-3.006348639,-1.584827152,-0.498417862,1152,1580,2250,3200,2474,-0.047417443,0.147778153,0.127952069,1.346806765
22,0,TC,1.354928313,-2.534583163,2.874011577,-0.534576388,-3.434178488,2.148580292,905,1170,1620,2382,2230,-0.158441558,0.119621001,0.032957502,1.2717489
23,0,TC,-1.60828571,3.134868198,3.523348058,-0.513031365,-5.041763724,2.053520345,1094,1528,2180,3024,2530,-0.074309982,0.141936585,0.088944905,1.330830097
24,0,TC,2.297084745,4.372128682,4.938836658,0.525392758,10.0431501,0.655568866,1006,1392,1956,2768,2323,-0.085767701,0.149551526,0.087409154,1.351700425
25,0,TC,1.74799326,-3.347174165,3.776116435,-0.522229551,-5.85083788,2.09305536,904,1240,1760,2588,2281,-0.128928483,0.129555434,0.063051961,1.297676444
26,0,TC,-1.758598198,-1.809824802,2.523516086,0.971695269,3.182754635,0.507177765,1040,1350,1986,2750,2530,-0.120460585,0.13960211,0.041666668,1.324505925
27,0,TC,0.606898195,-7.535478163,7.559878079,-0.080538777,-4.573268099,1.087593446,1188,1648,2314,3226,2764,-0.088617563,0.146650195,0.077128544,1.34370482
28,0,TC,1.109233806,-3.049262193,3.244749537,-0.363771213,-3.382344709,1.571761637,1236,1686,2390,3388,2962,-0.106875934,0.147257805,0.067086615,1.345374703
29,0,TC,0.740431456,-6.842712113,6.882655578,-0.108207308,-5.066559289,1.121336841,1168,1606,2300,3274,2941,-0.122304901,0.136143342,0.053580049,1.315198898
30,0,TC,1.460873483,-0.112284546,1.465182293,-13.01045901,-0.164033516,-0.083260765,1110,1522,2198,3164,2831,-0.12586996,0.146646574,0.055546287,1.343694806
31,0,TC,-2.463041781,-6.425459465,6.881359179,0.383325394,15.82617512,0.722895715,1250,1644,2324,3362,3251,-0.16627802,0.125016823,0.016785121,1.285758257
32,0,TC,4.964459751,2.878253341,5.738484374,1.724816812,14.28897286,0.366997148,1102,1572,2266,3252,2630,-0.074346408,0.140663296,0.105746344,1.327376485
33,0,TC,6.534646305,0.830869268,6.587256339,7.864830911,5.429436795,0.11280531,964,1354,1972,2932,2577,-0.132996261,0.145981774,0.064440005,1.341870427
34,0,TC,-0.335264353,5.005982256,5.017196481,-0.066972741,-1.678327401,1.071780047,1005.5,1391,2012,2917,2259.5,-0.057942308,0.152872905,0.127016366,1.360921144
35,0,TC,5.482738612,7.20309671,9.052349137,0.761164098,39.49269646,0.56780626,1058,1416,1986,2884,2385,-0.091283455,0.157838985,0.094704881,1.374842763
36,0,TC,2.492382094,-0.911887907,2.653960824,-2.733211038,-2.272773092,-0.576963784,991,1344,1906,2792,2354,-0.105164319,0.151252925,0.08511465,1.356414557
37,0,TC,2.689479503,4.290973303,5.064163494,0.626776098,11.54048475,0.614712745,907,1256,1782,2632,2074,-0.075726144,0.157937482,0.118572034,1.375120521
38,0,TC,4.975682627,0.038314255,4.97583014,129.8650505,0.190639572,0.00764146,1036,1454,2050,2954,2391,-0.076784506,0.153478488,0.105332084,1.362609744
39,0,TC,2.61278074,4.860740279,5.518461675,0.537527329,12.70004858,0.650394943,1068,1418,1976,2828,2224,-0.059047621,0.140483096,0.119556613,1.326888442
40,0,TC,1.602313634,5.408247975,5.640616557,0.29627222,8.665709468,0.771442899,1334,1750,2494,3608,3175,-0.120127007,0.132750615,0.06383606,1.306141734
41,0,TC,-0.993414806,-0.442259812,1.087412856,2.246224458,0.439347445,0.308050171,894,1300,1826,2662,2105,-0.070974305,0.156481668,0.116844974,1.37102139
42,0,TC,-0.264977878,3.339754899,3.350250149,-0.079340516,-0.884961165,1.086177917,1136,1532,2172,3146,2674,-0.103590593,0.146368712,0.081099659,1.342931986
43,0,TC,0.546507857,1.180537117,1.300899198,0.462931533,0.645172811,0.683558989,1160,1594,2260,3200,2640,-0.077551022,0.144800782,0.09589041,1.338636398
44,0,TC,-1.81851806,-0.742663664,1.964321067,2.448642836,1.350547286,0.289969141,1176,1520,2134,3046,2133,2.34E-04,0.145945951,0.176288858,1.341772199
45,0,TC,3.229848497,1.977980078,3.787390461,1.63290244,6.388575983,0.379808984,1174,1586,2316,3186,2415,-0.020925809,0.163346618,0.137653992,1.390476227
46,0,TC,-0.396913601,5.397742765,5.412316266,-0.073533256,-2.14243752,1.079369558,993,1434,2086,2984,2250,-0.03782288,0.161073819,0.140236914,1.383999944
47,0,TC,2.864102796,7.006359987,7.56915881,0.408786132,20.06693523,0.709830951,1212,1624,2260,3172,2452,-0.040747028,0.153022453,0.12802276,1.361337662
48,0,TC,4.083905428,5.697973422,7.010362663,0.716729462,23.26998459,0.582502964,964,1358,1898,2822,2030,-0.033604886,0.163748711,0.163231656,1.391625643
49,0,TC,2.921381796,5.906727074,6.589681049,0.494585539,17.25580495,0.669081811,1086,1490,2170,3106,2477,-0.066064127,0.155040085,0.11266344,1.366976142
50,0,TC,3.775359062,3.382681787,5.069109599,1.116084604,12.77083834,0.472570897,1266,1684,2416,3474,2903,-0.091558561,0.130447805,0.089540534,1.300034404
51,0,TC,0.952285063,-1.227018597,1.55319718,-0.776096683,-1.168471482,4.466213432,739,1040,1376,2048,2049,-0.196496353,0.120223269,-2.44E-04,1.273304105
52,0,TC,-3.510983283,-2.618752357,4.38005337,1.3407084,9.194395749,0.427221093,1066,1466,2072,2958,2852,-0.158407792,0.126225486,0.018244406,1.288920045
53,0,TC,0.204626942,-2.196484867,2.205995911,-0.093161098,-0.449459983,1.102731696,1198,1582,2202,3232,2830,-0.124801271,0.142684042,0.066314749,1.332862139
54,0,TC,-0.864230625,0.837558024,1.203494087,-1.031845675,-0.723843295,-31.40143795,1126,1512,2166,3104,2773,-0.122899376,0.135598511,0.056321252,1.313739657
55,0,TC,-2.538694576,-5.595044824,6.144061909,0.45373981,14.20410995,0.687881004,1012,1388,2050,2878,2926,-0.176045015,0.09760987,-0.008270158,1.21633625
56,0,TC,1.942424564,-3.650386642,4.135013401,-0.532114747,-7.090600683,2.137276166,1282,1739,2387,3413,2859,-0.089974299,0.132848054,0.088328913,1.306400895
57,0,TC,4.640555173,4.179417661,6.245180886,1.11033535,19.39481825,0.473858337,1150,1524,2104,2964,2626,-0.110359408,0.150574148,0.060465116,1.354531646
58,0,TC,2.438211349,-2.11603417,3.228385849,-1.152255187,-5.159338528,-6.567920717,1104,1518,2272,3298,2803,-0.104630545,0.134074762,0.081134237,1.309668183
59,0,TC,3.201657319,6.578099741,7.315873549,0.48671462,21.06082118,0.672624044,1080,1482,2156,3094,2539,-0.081576146,0.15253672,0.098526537,1.359984279
60,0,TC,0.309190549,3.604069447,3.617307752,0.085789287,1.114344211,0.920989009,1032,1400,2052,2966,2165,-0.0267963,0.158896655,0.156109914,1.377829075
61,0,TC,6.185054353,3.84826806,7.284508523,1.607230644,23.80174712,0.383548729,743,1064,1520,2200,1736,-0.066339068,0.16538462,0.117886178,1.39631331
62,0,TC,1.218864821,3.607494877,3.807840693,0.337870146,4.397048599,0.747456697,1048,1406,2042,2902,2233,-0.044678364,0.156881258,0.130282372,1.372145057
63,0,TC,4.200893648,3.488739248,5.460660123,1.204129443,14.65582255,0.453693862,1152,1576,2248,3212,2747,-0.099899903,0.141159922,0.078033224,1.328722239
64,0,TC,0.174909135,0.046747944,0.181048546,3.741536412,0.008176642,0.210902103,933,1274,1836,2636,2487,-0.150589868,0.137356922,0.02908452,1.318455935
65,0,TC,3.881281727,2.522403655,4.628916509,1.538723479,9.790159216,0.393898748,1100,1528,2182,3116,2746,-0.114448056,0.139993742,0.063118391,1.325564504
66,0,TC,5.403098549,2.880798801,6.123109967,1.875555678,15.56523982,0.347758872,1054,1490,2126,3074,2480,-0.076856278,0.153872401,0.106949948,1.363709688
67,0,TC,2.138162001,2.595646291,3.362902974,0.823749372,5.549912268,0.548320957,1294,1764,2534,3532,2820,-0.053418007,0.154042304,0.112090677,1.36418438
68,0,TC,0.358202707,-0.327931701,0.485642234,-1.092308874,-0.117466023,-10.83319462,1044,1498,2142,3238,2736,-0.121771216,0.145534039,0.0840308,1.340643287
69,0,TC,3.424817252,-2.361758523,4.160201501,-1.450113218,-8.088591335,-2.221663263,1118,1472,2132,3056,2598,-0.098520085,0.136159599,0.081004597,1.315242529
70,0,TC,1.475778003,-1.96216324,2.455199644,-0.752117853,-2.895717347,4.034175157,1118,1542,2158,3094,2766,-0.123476848,0.12964128,0.055972695,1.297903061
71,0,TC,5.119716754,3.143664694,6.007838825,1.628582324,16.0946728,0.380433206,979,1346,2024,2836,2470,-0.099243432,0.135759279,0.068978518,1.314170003
72,0,TC,-2.917678019,-5.161879344,5.929404978,0.56523561,15.0607019,0.638881453,1218,1648,2326,3340,2895,-0.10898295,0.147400975,0.071371295,1.345768571
73,0,TC,3.098504984,5.12097073,5.985405112,0.605062038,15.86735333,0.623028878,1184,1576,2290,3310,2500,-0.043841336,0.154691458,0.139414802,1.366000056
74,0,TC,3.027978796,6.692413181,7.345546255,0.45244947,20.26448521,0.68849211,1224,1624,2364,3348,2619,-0.051173992,0.148707941,0.122171946,1.349370003
75,0,TC,-0.06524753,6.967554689,6.967860187,-0.00936448,-0.454615732,1.009453003,969,1358,1982,2878,2000,-0.004520342,0.175937369,0.179991797,1.427000046
76,0,TC,1.704733302,4.407226977,4.725438102,0.386804063,7.513146597,0.721082398,1184,1590,2286,3288,2710,-0.084867895,0.151135474,0.096365452,1.356088519
77,0,TC,5.592207094,5.934716546,8.15436329,0.942287142,33.18816397,0.514856932,1172,1576,2244,3272,2481,-0.050158732,0.155978903,0.137493476,1.369608998
78,0,TC,-0.514470747,-0.272457005,0.582162322,1.888263975,0.140171159,0.346228741,1262,1726,2402,3442,2998,-0.110370368,0.135898545,0.068944097,1.314543009
79,0,TC,2.372615942,-12.92503264,13.14099597,-0.183567501,-30.6661385,1.224841002,1048,1420,2050,2876,2812,-0.15672563,0.131562695,0.011251758,1.302987218
80,0,TC,-0.29348221,-3.372289116,3.385035553,0.087027595,0.989706864,0.919939848,1278,1694,2382,3330,3118,-0.133818179,0.131476328,0.03287841,1.302758217
81,0,TC,4.361811925,-2.265738054,4.915177739,-1.925117476,-9.882723265,-1.080943799,1246,1716,2432,3522,2911,-0.089650013,0.148207754,0.094979018,1.347990394
82,0,TC,2.507641071,1.958286423,3.181689717,1.280528243,4.910679463,0.438494898,1156,1552,2192,3090,2719,-0.107310124,0.135865241,0.063866414,1.31445384
83,0,TC,5.769945793,-5.597883588,8.039189954,-1.03073701,-32.29948486,-32.53406857,1009,1412,1966,2862,2526,-0.124666072,0.136410251,0.062360801,1.315914512
84,0,TC,1.855355102,0.400742314,1.898140395,4.629795847,0.743519298,0.177626334,1210,1646,2358,3342,2455,-0.02015375,0.158093274,0.153010175,1.375560045
85,1,RC,-3.815579672,-15.73344928,16.18950507,0.24251387,60.03222925,0.80481999,984.5,1298,1818,2690,3125,-0.264414519,0.075853914,-0.074806534,1.164160013
86,1,RC,-17.18007445,-44.5017394,47.70282767,0.386053999,764.5431958,0.721472613,916.5,1236,1711,2409,3147.5,-0.29566735,0.053668082,-0.132907391,1.113423347
87,1,RC,-13.45655051,-27.27173998,30.41096107,0.493424714,366.9835466,0.669601882,1050,1338,1854,2742,3390,-0.292906165,0.05610469,-0.105675146,1.11887908
88,1,RC,-6.235096953,-7.686307067,9.897259739,0.811195402,47.92486977,0.552121543,1021,1436,2042,2974,3197,-0.22046192,0.084085375,-0.036136769,1.183609605
89,1,RC,-9.98880942,-34.90084261,36.30213669,0.286205394,348.6178655,0.777480801,1054,1440,2016,2824,3496,-0.268505067,0.064114578,-0.106329113,1.137013674
90,1,RC,-5.58705368,-22.31450928,23.00331483,0.250377618,124.6723612,0.799758397,987,1324,1872,2708,3294,-0.275261313,0.072112679,-0.097634122,1.155434132
91,1,RC,-13.54776706,-26.01591456,29.332061,0.520749214,352.4575503,0.657570618,1102,1484,2066,2922,3630,-0.274578661,0.063467495,-0.108058609,1.135537148
92,1,RC,2.577047076,-6.873372014,7.340600416,-0.374931994,-17.71300325,1.599825924,907,1284,1800,2696,2795,-0.216539711,0.121897578,-0.018029504,1.277638674
93,1,RC,-7.032850476,-18.85765807,20.12640688,0.372944002,132.6230895,0.728361826,936,1323,1841,2666,3142.5,-0.261161774,0.069509253,-0.082034886,1.149403453
94,1,RC,-12.66928066,-25.38880217,28.37431846,0.499010571,321.6578604,0.667106703,904.5,1227,1698,2417,3076,-0.288646817,0.050617289,-0.119970888,1.106631994
95,1,RC,-11.74053914,-24.62827274,27.28354957,0.476709807,289.1491999,0.677181119,707,935,1309,1866,2222,-0.258566767,0.095369138,-0.087083928,1.210846901
96,1,RC,-6.621699063,-29.1704199,29.91254412,0.227000471,193.1577421,0.814995612,933,1274,1800,2604,3300,-0.294117659,0.060631938,-0.117886178,1.129090905
97,1,RC,-7.963816764,-18.33164664,19.98678679,0.434429973,145.9898748,0.697141038,940,1286,1902,2730,2949,-0.215831786,0.099266954,-0.038563129,1.220413685
98,1,RC,-12.22002758,-21.14658585,24.42349621,0.577872365,258.4118623,0.633764823,1064,1440,2050,2832,3569,-0.270332813,0.054444298,-0.115138263,1.115158319
99,1,RC,-8.837386769,-31.1065045,32.33750187,0.284100927,274.9002113,0.778754986,1012,1384,1952,2730,3410,-0.271913469,0.05172414,-0.110749185,1.109090924
100,1,RC,-0.723341249,-18.69772643,18.71171281,0.038686054,13.52483678,0.962754816,927,1258,1810,2632,3003,-0.247870356,0.083752863,-0.065838508,1.182817221
101,1,RC,-0.404316088,-6.366697791,6.379522887,0.063504834,2.574158342,0.940287216,1004,1330,1932,2646,3042,-0.223160431,0.076502733,-0.069620252,1.165680528
102,1,RC,-6.768526474,-17.60559645,18.86186568,0.384453119,119.1639457,0.72230687,882.5,1202,1702,2386,3076,-0.28756988,0.053174317,-0.126327887,1.112321258
103,1,RC,-18.60040554,-20.71752269,27.84224905,0.897810313,385.3543237,0.526923051,882,1182,1624,2292,2902,-0.282368541,0.059776444,-0.117443204,1.127153635
104,1,RC,-6.606828181,-21.22897736,22.23330067,0.311217449,140.2562059,0.76265001,870.5,1193,1648,2278,3043.5,-0.297454864,0.05363806,-0.143851042,1.113356352
105,1,RC,-7.980924537,-22.20320301,23.59401153,0.359449244,177.2020877,0.735592009,862,1212,1661,2366,2987,-0.28528443,0.052573305,-0.116008028,1.110981226
106,1,RC,-1.111667898,-21.96029913,21.98841839,0.05062171,24.41255956,0.951817377,904,1236,1768,2486,3064,-0.268211931,0.055195905,-0.104144141,1.116841197
107,1,RC,-7.543903742,-12.45500072,14.56150839,0.605692759,93.95932653,0.62278415,692,929,1210,1798,1759,-0.184910744,0.10619919,0.010964296,1.237635016
108,1,RC,-16.11118456,-8.866055081,18.3895949,1.817176232,142.8426498,0.354965369,874,1266,1742,2604,2690,-0.213898912,0.088444598,-0.016244806,1.1940521
109,1,RC,-4.048852151,-20.25103991,20.65182368,0.199933049,81.9934665,0.83337983,886,1278,1782,2576,3079,-0.26681754,0.076761618,-0.088947833,1.16628778
110,1,RC,-7.090212969,-25.81191455,26.76800427,0.274687604,183.0119713,0.784505942,996,1406,1988,2836,3555,-0.2826989,0.062129006,-0.112501957,1.132489443
111,1,RC,-6.618625769,-21.35635592,22.35844684,0.309913629,141.3497276,0.763409112,835,1166,1600,2434,2686,-0.2533831,0.104517423,-0.049218751,1.233432651
112,1,RC,-12.69783932,-18.34502688,22.31087481,0.692167932,232.9422037,0.590957895,918,1284,1780,2596,2907,-0.240452319,0.080645159,-0.056514628,1.175438643
113,1,RC,0.242824774,-13.79560619,13.79774308,-0.017601602,-3.349914949,1.01791697,829,1144,1628,2502,2542,-0.219184652,0.120871522,-0.007930215,1.274980307
114,1,RC,-2.629370121,-6.689399029,7.187603676,0.393065223,17.58890594,0.717841479,760,1100,1576,2310,2350,-0.19714722,0.113374837,-0.008583691,1.255744696
115,1,RC,-9.715850385,-19.70997932,21.97455423,0.492940669,191.4992102,0.669818983,717,1016,1404,2204,2119,-0.202952027,0.129952788,0.019662272,1.298725843
116,1,RC,-12.81685449,-9.120418525,15.7306641,1.405292361,116.8950771,0.415749876,719,969,1382,2104,2148,-0.216997162,0.136482418,-0.010348071,1.316107988
117,1,RC,-8.70454256,-13.08879136,15.71895418,0.665037918,113.9319414,0.600586923,1010,1416,2026,2862,3017,-0.196510017,0.10061112,-0.026365029,1.223732233
118,1,RC,-6.52022097,-13.20514442,14.72715589,0.4937637,86.10045958,0.669449927,1118,1526,2178,3044,3546,-0.238993704,0.065858796,-0.076176025,1.141003966
119,1,RC,-6.1464479,-5.093580257,7.98269263,1.20670483,31.30742568,0.453164368,779,1078,1510,2256,2243,-0.195310414,0.133642331,0.002889531,1.308515429
120,1,RC,-2.568601044,-8.765367862,9.133968748,0.293039731,22.51473304,0.773371441,1376,1842,2600,3632,2988,-0.069434501,0.124138944,0.097280964,1.283467174
121,1,RC,-10.0865344,-13.46045785,16.8202884,0.749345566,135.7693711,0.571642344,543,842,1124,1766,1887,-0.25340417,0.125579238,-0.03312346,1.287228346
122,1,RC,-7.396666383,-16.86312948,18.41401123,0.43862952,124.7309429,0.695105992,774,1062,1532,2160,2327,-0.206011921,0.107745402,-0.03721863,1.241512656
123,1,RC,-7.184536772,-17.37644686,18.80315065,0.413464089,124.8417215,0.707481717,702,975,1378,2000,2104,-0.208500862,0.097383097,-0.025341131,1.215779424
124,1,RC,-1.591468819,-14.96326269,15.04765773,0.106358409,23.81356599,0.903866226,1114,1550,2190,3116,3119,-0.174985871,0.109493218,-4.81E-04,1.245912194
125,1,RC,-5.188990798,-10.97717999,12.14183289,0.472707089,56.96048593,0.679021652,1088,1512,2130,3034,3147,-0.19272314,0.099055253,-0.018281832,1.219891906
126,1,RC,-1.497810021,-12.75671337,12.84434392,0.117413473,19.10713311,0.894923879,933,1274,1814,2612,2582,-0.174704283,0.120272569,0.005775895,1.27343142
127,1,RC,-8.15138939,-20.58399542,22.13924155,0.39600618,167.7881619,0.716329207,960,1347,1870,2684,3160.5,-0.256535888,0.062374827,-0.081530765,1.133048654
128,1,RC,-20.71357875,-21.2740111,29.69235412,0.973656479,440.6609044,0.506673786,947.5,1410,1975,2772,3544.5,-0.284355521,0.041373827,-0.122368164,1.086319089
129,1,RC,-9.21372565,-24.09465753,25.79622573,0.382397037,222.0015641,0.72338118,1004,1402,1994,2809,3421.5,-0.263595432,0.057713509,-0.098379083,1.122496724
130,1,RC,1.313747448,-8.687284089,8.786059253,-0.151226486,-11.4128973,1.1781706,924.5,1254,1731,2428,2443,-0.170579776,0.123823173,-0.003079576,1.282644272
131,1,RC,-21.41734408,-23.18667828,31.56461115,0.923691778,496.5970669,0.519833796,691,1001,1486,2026,2763,-0.300541312,0.037952647,-0.153894335,1.078899741
132,1,RC,-19.72741147,-48.04205443,51.93466816,0.410627974,947.7453757,0.708904132,678,977,1424,2066,2843,-0.332552135,0.03118078,-0.158280715,1.064368606
133,1,RC,-15.37065393,-27.21665264,31.25705014,0.564751813,418.337749,0.639078985,780,1128,1658,2322,3002,-0.288412005,0.032549147,-0.127723515,1.067288518
134,1,RC,-24.30916774,-42.5531124,49.00717305,0.571266504,1034.430747,0.636429274,704,1020,1510,2134,2896,-0.314571053,0.043277171,-0.151491061,1.090469599
135,1,RC,-13.10384066,-36.28275837,38.57653684,0.361158888,475.4434843,0.73466809,968,1363,1977,2855,3405,-0.26519233,0.078234978,-0.087713689,1.169750333
136,1,RC,-18.88178934,-26.45986542,32.50609861,0.71360111,499.6096048,0.583566382,895,1199,1740,2520,3069.5,-0.276432306,0.065672308,-0.098309323,1.14057672
137,1,RC,-14.35854391,-23.15580632,27.24626855,0.620083953,332.4836619,0.617251963,702,1015,1494,2126,2584,-0.26728788,0.060192764,-0.097239912,1.128095984
138,1,RC,-6.0449014,-15.28318959,16.43522793,0.395526167,92.38537414,0.7165756,976,1378,1950,2822,2999,-0.211962014,0.094641507,-0.030407146,1.209069729
139,1,RC,-12.27756815,-7.366562852,14.31799315,1.666661697,90.44347742,0.375000699,841,1136,1568,2264,2597,-0.247058824,0.077769883,-0.068504423,1.168656111
140,1,RC,-4.186376056,-5.391699301,6.826138428,0.776448356,22.57168085,0.562920952,853,1214,1754,2524,2561,-0.187022015,0.111997224,-0.007276303,1.252245188
141,1,RC,-7.815394352,-29.10224381,30.13338652,0.268549546,227.4455119,0.788301887,807,1058,1472,2222,2452,-0.24974516,0.104128607,-0.049208388,1.232463241
142,1,RC,-2.413707223,0.896341355,2.574764141,-2.69284376,-2.163505602,-0.59072197,1146,1529,2149,3058,2877.5,-0.144931808,0.112156801,0.030410195,1.252650142
143,1,RC,-1.501735346,-8.305770651,8.44044046,0.180806262,12.47306936,0.846878978,1122,1535,2206,3130,3235.5,-0.189194292,0.097678296,-0.016573712,1.216504335
144,1,RC,-4.296994421,-11.16887138,11.96694819,0.384729511,47.99257799,0.722162698,1190,1583,2237,3155,3274.5,-0.188242704,0.101707138,-0.018586926,1.226445556
145,1,RC,-7.733695237,-19.86962911,21.32163697,0.389221922,153.665656,0.719827397,956,1346,1948,2700,3109,-0.229582757,0.055732727,-0.070407987,1.118044376
146,1,RC,-16.48245886,-24.58355285,29.59767763,0.670466916,405.1973986,0.598635023,814,1206,1694,2400,2955,-0.271241128,0.041362531,-0.103641458,1.086294413
147,1,RC,-17.11995879,-20.35224434,26.59524091,0.841182845,348.4295845,0.54312911,824,1178,1728,2406,2952,-0.261539251,0.046049468,-0.101904251,1.096544862
148,1,RC,-18.77861966,-32.09857272,37.18810195,0.58502974,602.7668888,0.630902988,833,1146,1662,2369,3067.5,-0.297177464,0.04550764,-0.128483281,1.095355749
149,1,RC,-11.88502445,-28.83306794,31.18652936,0.412201174,342.6817176,0.708114409,735,1050,1468,2112,2580,-0.274703562,0.06386067,-0.099744245,1.136434078
150,1,RC,-8.368012763,-7.552508188,11.27226763,1.10797798,63.19948491,0.474388257,1104,1512,2138,2984,3236,-0.204317078,0.07357572,-0.040514469,1.158838034
151,1,RC,-0.519974611,-1.407473959,1.500452112,0.369438175,0.731850724,0.730226467,1066,1466,2066,2856,3082,-0.197358191,0.083828777,-0.038059954,1.182998061
152,1,RC,-1.31453976,-7.263889449,7.381876774,0.180969131,9.548671489,0.846762184,652,907,1238,1838,1740,-0.168569505,0.14180024,0.027389603,1.330459714
153,1,RC,-1.46757279,-14.67898439,14.75216433,0.099977815,21.54247807,0.909109244,585,825,1150,1664,1757,-0.208806336,0.124564029,-0.027185034,1.284575939
154,1,RC,-8.671354433,-31.12653638,32.31181912,0.278583981,269.9092292,0.782115226,503.5,707,963.5,1389,1735.5,-0.286031872,0.116681479,-0.110897847,1.264188886
155,1,RC,-11.52921485,-12.54392305,17.03739418,0.919107588,144.6215839,0.521075528,1108,1500,2050,2866,3078,-0.200468019,0.074703142,-0.03566622,1.161468506
156,1,RC,-9.662957073,-12.20965108,15.57075204,0.791419592,117.9813343,0.558216514,1164,1576,2242,3154,3157,-0.169475824,0.112703763,-4.75E-04,1.254038692
157,1,RC,-1.973672859,-23.18907129,23.27291155,0.085112199,45.76764063,0.921563688,874,1218,1748,2532,2806,-0.232323229,0.096878015,-0.051330086,1.214540243
158,1,RC,-6.960857635,-11.52498574,13.46398289,0.603979718,80.22378496,0.62344928,1088,1484,2114,3000,3290,-0.217616573,0.083437808,-0.046104927,1.182066917
159,1,RC,-3.995761719,-24.50756232,24.83116434,0.16304199,97.92637933,0.859814185,962,1292,1812,2662,3049,-0.254474401,0.08520852,-0.067763962,1.186290622
160,1,RC,-5.775633778,-19.57685812,20.41105875,0.295023529,113.068763,0.772186742,816,1130,1632,2382,2387,-0.187857673,0.122748986,-0.001048438,1.279849172
161,1,RC,3.046917235,-2.872961169,4.187793036,-1.060549397,-8.753674899,-16.51544111,1126,1526,2206,3266,2928,-0.14063108,0.14046675,0.054568939,1.326844215
162,1,RC,3.278486454,-4.512383656,5.577641051,-0.726553127,-14.79378869,3.657017495,971.5,1321,1886,2709,2668.5,-0.171808019,0.120395541,0.007531425,1.273749232
163,1,RC,-4.87477487,-1.028622433,4.982117436,4.739129456,5.014302785,0.174242454,1002,1316,1904,2818,2728,-0.177892923,0.11586453,0.016227912,1.262096763
164,1,RC,-7.693515096,-8.847875882,11.72497685,0.869532439,68.07126666,0.534893099,637,897,1228,1754,1860,-0.204663217,0.112595417,-0.029330382,1.253763437
165,1,RC,-3.756208497,-16.36645531,16.79196123,0.229506538,61.47581852,0.813334431,619,886,1218,1824,1871,-0.211395279,0.119322196,-0.012719892,1.270978093
166,1,RC,-0.014261364,-7.1180929,7.118107187,0.002003537,0.101513717,0.998000469,908,1312,1826,2762,2455,-0.146928281,0.135715544,0.058846079,1.314052939
167,1,RC,1.638517151,-8.188771348,8.351090626,-0.200093162,-13.4174423,1.250145582,734,1036,1426,2170,1951,-0.155463427,0.13308154,0.05314244,1.307022095
168,1,RC,-6.505195016,-2.064643788,6.824977375,3.150759009,13.43091048,0.240919793,702,954,1368,1992,1982,-0.183283582,0.118915312,0.002516356,1.269929409
169,1,RC,-7.789855157,-5.972416381,9.815885125,1.304305437,46.52425854,0.433970247,662,959,1368,1944,1978,-0.182307228,0.115186758,-0.008669047,1.260364056
170,1,RC,-3.338862448,-8.062130801,8.726164994,0.414141439,26.91834578,0.707142845,974,1360,2062,2830,3004,-0.185945526,0.084564984,-0.029825162,1.184753656
171,1,RC,0.373464338,-14.24379452,14.24868969,-0.026219442,-5.319549285,1.026925411,481,712,910,1448,1499,-0.244499788,0.132774085,-0.017305735,1.306204081
172,1,RC,-2.730414568,-3.514649358,4.450609377,0.776866848,9.59644981,0.562788372,890,1202,1706,2356,2497,-0.188198909,0.100180179,-0.029054193,1.222667217
173,1,RC,-2.268224603,-1.087600976,2.515495723,2.085530128,2.466923292,0.324093416,772,1100,1552,2216,2218,-0.176657826,0.111200161,-4.51E-04,1.250225425
174,1,RC,-19.80710339,-11.74742468,23.0287501,1.686080476,232.6824552,0.372289665,729,988,1390,2038,2439,-0.273961872,0.094318606,-0.089568906,1.208282113
175,1,RC,-8.543435136,-11.4500663,14.28615771,0.74614722,97.82289873,0.572689398,940.5,1261,1771,2493,2776,-0.221024901,0.075283147,-0.053710382,1.162824512
176,2,NC,-38.42011088,-56.71111167,68.50003728,0.677470601,2178.847199,0.596135634,884,1184,1704,2412,3507,-0.345998853,0.023527773,-0.184997469,1.048189282
177,2,NC,-20.63701875,-52.08276305,56.02232368,0.396235099,1074.832958,0.716211762,511,725,1010,1460,2001,-0.329126537,0.072967336,-0.156313211,1.157421231
178,2,NC,-23.39960777,-34.72382164,41.87225135,0.673877663,812.5238067,0.597415225,524,749,1050,1550,2025,-0.317073166,0.072164945,-0.132867128,1.155555606
179,2,NC,-41.83129666,-55.09722558,69.17775398,0.759226916,2304.788388,0.568431503,652,879,1208,1672,2570,-0.360508204,0.032743696,-0.211692601,1.06770432
180,2,NC,-44.99464921,-62.67513439,77.15368383,0.717902716,2820.045686,0.582105139,640,875,1196,1714,2538,-0.359400094,0.036629342,-0.193791151,1.076044083
181,2,NC,-18.46525116,-39.37665908,43.49122648,0.468939001,727.0998997,0.680763462,660,919.5,1253,1811,2362.5,-0.306873083,0.057356704,-0.132143259,1.121693611
182,2,NC,-17.32293523,-37.6518638,41.44571067,0.460081746,652.2407979,0.68489316,658.5,901.5,1252,1831,2365,-0.307713985,0.069355622,-0.127264127,1.149048567
183,2,NC,-14.10567736,-41.04919345,43.40514274,0.343628612,579.0266786,0.744253279,784,1059,1517,2280,2879,-0.309827119,0.087335497,-0.11610774,1.191385746
184,2,NC,-13.11185671,-43.57623824,45.50614602,0.300894644,571.3653915,0.768701758,951.5,1337,1913,2694,3558,-0.300676733,0.034136392,-0.138195887,1.070685744
185,2,NC,-40.96039847,-61.53281498,73.91915558,0.665667555,2520.408621,0.600359896,642,920.5,1321,1865,2696.5,-0.342377573,0.044302739,-0.182286471,1.092713237
186,2,NC,-13.55340795,-25.01851145,28.45383598,0.541735186,339.086092,0.648619821,527,720,967,1412,1745,-0.286873162,0.100515462,-0.105479889,1.223495722
187,2,NC,-30.49090956,-43.55505914,53.16708326,0.700054372,1328.033369,0.588216481,718,965,1416,1936,2780,-0.325071484,0.03756275,-0.178965226,1.078057528
188,2,NC,-23.87466783,-53.07562157,58.1981217,0.449823612,1267.162835,0.689739077,764,1056,1492,2158,2952,-0.328532845,0.051566266,-0.155381605,1.108739853
189,2,NC,-20.31027181,-54.09904421,57.78593017,0.375427553,1098.766292,0.727046654,750,1030,1500,2124,2781,-0.299229145,0.043837029,-0.133944958,1.09169364
190,2,NC,-33.37616076,-38.69474769,51.1004071,0.862550158,1291.482119,0.536898293,814,1116,1552,2248,3015,-0.320341587,0.040572792,-0.14573437,1.084577084
191,2,NC,-29.96417908,-70.50807871,76.61097305,0.424975118,2112.716697,0.701766639,617,877,1202,1682,2500,-0.350621283,0.0234375,-0.195600197,1.047999978
192,2,NC,-27.81101411,-60.05907799,66.18568844,0.463060957,1670.303866,0.683498521,866,1192,1658,2312,3162,-0.312033206,0.033618581,-0.155279502,1.069576263
193,2,NC,-28.46553777,-39.68809244,48.84087962,0.71723119,1129.742895,0.582332773,959,1340,1892,2706,3561,-0.30607006,0.040678881,-0.136428908,1.084807634
194,2,NC,-15.27731855,-55.65534616,57.71407123,0.274498671,850.2644522,0.784622238,760,1034,1494,2094,2892,-0.318741441,0.034390651,-0.160048142,1.071231008
195,2,NC,-9.556751116,-21.45130448,23.48382328,0.445509089,205.004778,0.691797795,811,1112,1578,2230,2468,-0.219970345,0.101892285,-0.050659854,1.226904392
196,2,NC,-25.17409964,-44.11170187,50.78954159,0.57068983,1110.472378,0.636662937,544.5,776,1072,1685,2079,-0.319581419,0.101555653,-0.104675904,1.226070046
197,2,NC,-21.28677255,-28.77095042,35.78958331,0.739870329,612.4406777,0.574755477,737.5,1059,1527,2232,2792,-0.292891949,0.057473145,-0.111465141,1.121955633
198,2,NC,-18.71551909,-20.27515075,27.59261482,0.923076693,379.4599709,0.520000062,731.5,998,1411,2099,2324.5,-0.24455221,0.084211633,-0.050980199,1.183910728
199,2,NC,-10.341078,-41.17663133,42.45530428,0.251139485,425.8107565,0.799271393,807,1150,1704,2376,3060,-0.284634769,0.044794757,-0.125827819,1.093790889
200,2,NC,-27.34411742,-37.37864852,46.31267778,0.731543769,1022.086154,0.577519332,916,1270,1854,2604,3417,-0.296528161,0.028985508,-0.135027409,1.059701443
201,2,NC,-23.30139923,-35.92507145,42.82015839,0.648611076,837.1044324,0.606571201,892,1232,1802,2476,3254,-0.287183553,0.033991389,-0.135776609,1.070374966
202,2,NC,-18.38324426,-41.4306913,45.32599532,0.443710778,761.6305181,0.69265951,871,1274,1796,2522,3251,-0.288290083,0.037881032,-0.126277491,1.078745008
203,2,NC,-24.81074648,-43.0907097,49.72305706,0.575779481,1069.112674,0.634606563,761,1098,1602,2272,3068,-0.31391862,0.037641153,-0.149063677,1.078226805
204,2,NC,-19.8408296,-49.61137539,53.43170488,0.399925006,984.3308451,0.714323979,774,1102,1606,2230,3012,-0.304460794,0.036776464,-0.149179697,1.076361179
205,2,NC,-21.64027244,-37.09304179,42.9440932,0.583405172,802.70353,0.631550293,641,933,1310,1858,2486,-0.30979979,0.039969105,-0.144567221,1.083266258
206,2,NC,-19.57204612,-35.09443908,40.1831388,0.557696508,686.8699804,0.641973578,614,893,1268,1798,2385,-0.30577606,0.055632547,-0.140329912,1.117819667
207,2,NC,-24.72035103,-54.95997792,60.26354559,0.449788227,1358.629947,0.689755911,521,758,1070,1532,2136,-0.33250156,0.032389581,-0.164667398,1.066947579
208,2,NC,-18.55028811,-34.7982023,39.43384425,0.533081794,645.5166785,0.652280918,722,1036,1506,2132,2832,-0.305670828,0.039674465,-0.141015306,1.082627177
209,2,NC,-23.38280907,-45.68000393,51.31684439,0.511882816,1068.12681,0.661426923,677,1026,1488,2122,2928,-0.326086968,0.026433915,-0.159603953,1.054303288
210,2,NC,-28.80753681,-33.84324285,44.44366393,0.851204979,974.9404642,0.540188694,979,1342,1874,2552,3319,-0.278259188,0.051307704,-0.130642146,1.108165145
211,2,NC,-21.52759905,-37.49236876,43.23326539,0.574186155,807.1206821,0.635248885,773,1088,1550,2196,2873,-0.299118251,0.053533189,-0.133556917,1.113122225
212,2,NC,-21.39393628,-33.9765397,40.15103684,0.629667897,726.8919254,0.613621955,1104,1534,2226,3152,4173,-0.304266304,0.031449459,-0.13938567,1.064941287
213,2,NC,-14.63401612,-28.92481991,32.41603978,0.505932834,423.2862808,0.66404024,769,1019.5,1431,2067,2579.5,-0.286373347,0.06174409,-0.110298119,1.131614566
214,2,NC,-21.9147043,-36.33736718,42.43416687,0.603090042,796.3226568,0.623795279,818,1148,1688,2432,3247,-0.315906793,0.041334514,-0.143511176,1.086233497
215,2,NC,-21.78057258,-47.94224729,52.65788087,0.454308544,1044.209597,0.687611995,512.5,655,923.5,1367,1743.5,-0.307462811,0.102445304,-0.121041737,1.22827661
216,2,NC,-27.78031776,-48.7945112,56.14846728,0.569332842,1355.527026,0.637213453,740.5,1062,1560,2285,2995,-0.315038383,0.044047173,-0.134469718,1.09215343
217,2,NC,-26.69860302,-43.49276735,51.03367727,0.613863055,1161.19613,0.619631261,679,944,1390,1930,2621,-0.306906015,0.025288211,-0.151834756,1.051888585
218,2,NC,-21.81103461,-33.81220093,40.23662712,0.64506403,737.4790845,0.607879074,668,975,1442,2014,2721,-0.307230353,0.033735797,-0.149313629,1.069827318
219,2,NC,-21.47745665,-40.68323801,46.00442369,0.527919057,873.7724806,0.654484932,669,948,1452,2080,2817,-0.319747001,0.046377793,-0.150500312,1.097266555
220,2,NC,-27.31575472,-36.1577411,45.31592101,0.755460764,987.6759869,0.569651012,652,960,1432,2078,2757,-0.316304594,0.043704476,-0.14043434,1.091403723
221,2,NC,-25.35210933,-40.85006357,48.0776158,0.620613706,1035.635278,0.617050193,823,1160,1686,2416,3137,-0.300850093,0.049825836,-0.129839733,1.104877234
222,2,NC,-32.71823744,-31.54044784,45.44538382,1.037342197,1031.947861,0.490835561,886,1230,1750,2534,3200,-0.292929292,0.054093998,-0.116149284,1.114374995
223,2,NC,-33.55598725,-46.88246131,57.65387636,0.715747132,1573.187274,0.582836469,703,996,1412,2070,2818,-0.332387716,0.036251709,-0.153027818,1.075230718
224,2,NC,-18.33853458,-40.62838965,44.57541807,0.45137242,745.0651285,0.689003033,815,1130,1606,2280,3059,-0.311468393,0.042866081,-0.145907477,1.089571714
225,2,NC,-33.20155932,-27.42030437,43.0606158,1.210838468,910.3968621,0.45231708,742,1093,1618,2282,3082.5,-0.311562806,0.043073136,-0.149221733,1.090024471
226,2,NC,-15.98575728,-45.60307469,48.32375044,0.350541217,728.9996833,0.740443896,839,1157,1676,2417,3182,-0.310004115,0.043870106,-0.136631578,1.091766238
227,2,NC,-37.47327635,-39.57031189,54.49822037,0.947004827,1482.829233,0.51360941,583,836,1219,1764,2390,-0.324467629,0.041892286,-0.150697932,1.087448835
228,2,NC,-16.05157351,-30.40554826,34.38241378,0.527915937,488.056893,0.654486268,813,1135,1641,2304,2729,-0.248970315,0.051442474,-0.084442675,1.108464599
229,2,NC,-24.25703408,-42.2797842,48.74406481,0.573726535,1025.582166,0.635434415,602.5,870,1250,1800,2427,-0.320098162,0.045521613,-0.148332104,1.095385313
230,2,NC,-13.88956976,-51.07197869,52.92699836,0.271960674,709.367811,0.786187828,550.5,837,1206,1743,2383,-0.327946752,0.051070217,-0.15511395,1.107637525
231,2,NC,-13.32731031,-54.30073496,55.91231544,0.245435174,723.6827451,0.802932197,564,808,1114,1556,2367,-0.359954029,0.038391225,-0.206729546,1.079847932
232,2,NC,-23.35739938,-54.294541,59.10554363,0.430197934,1268.179278,0.699203919,712,933,1294,1832,2638,-0.341810793,0.046448581,-0.1803132,1.097422242
233,2,NC,-27.52924939,-50.87938081,57.84955457,0.541068876,1400.671163,0.648900264,662,919,1272,1842,2613,-0.345173746,0.044257499,-0.173063979,1.092613816
234,2,NC,-17.9142054,-33.94533577,38.38234719,0.527736874,608.1037175,0.654562979,667,918,1272,1760,2551,-0.334554017,0.029484497,-0.183484107,1.060760498
235,2,NC,-10.62152888,-27.00819094,29.02170315,0.393270653,286.86828,0.717735637,830,1140,1650,2316,2786,-0.256086558,0.05655266,-0.092120737,1.119885087
236,2,NC,-28.25753057,-58.95587262,65.37800051,0.479299675,1665.947373,0.675995552,943,1298,1836,2616,3676,-0.333817124,0.02789899,-0.168467969,1.057399392
237,2,NC,-22.43406268,-43.60745142,49.03974906,0.514454799,978.2922984,0.660303629,843,1184,1686,2386,3214,-0.311836749,0.026503105,-0.147857144,1.05444932
238,2,NC,-12.79890983,-34.73454628,37.01757418,0.368477818,444.5643258,0.730738918,770,1096,1582,2208,2992,-0.308264107,0.033747781,-0.150769234,1.069852948
239,2,NC,-27.49850163,-34.22431159,43.90297365,0.80347859,941.1172878,0.554483987,699,991,1414,2040,2658,-0.305500984,0.056945182,-0.131545335,1.120767474
240,2,NC,-28.41219765,-37.52634844,47.06888359,0.757126628,1066.206029,0.569110948,763,1076,1508,2124,2798,-0.299581975,0.050076388,-0.136936203,1.10543251
241,2,NC,-21.25287728,-32.8878648,39.15732938,0.646222472,698.9617545,0.607451312,708,976,1400,1962,2492,-0.280575544,0.060154628,-0.118994161,1.128009677
242,2,NC,-30.14294896,-56.16435654,63.74191963,0.536691788,1692.959333,0.650748581,699,1003,1439,2153,2868.5,-0.331863075,0.066015527,-0.142487288,1.141363382
243,2,NC,-27.67219787,-61.17456137,67.14221841,0.452348121,1692.834567,0.688540155,598.5,822.5,1152,1627,2453,-0.360887647,0.05179745,-0.20245105,1.109254003
244,2,NC,-22.83797416,-56.38897276,60.83822246,0.405007806,1287.809903,0.711739818,858,1172,1632,2346,3219,-0.327149034,0.029837251,-0.156873316,1.061509728
245,2,NC,-25.40379178,-26.97764768,37.05598617,0.941660744,685.3345445,0.51502303,621,911,1370,1956,2360,-0.265415549,0.052208837,-0.093605191,1.11016953
246,2,NC,-29.93031554,-48.14541229,56.69042699,0.621664955,1441.007382,0.616650189,720,1036,1508,2074,2993,-0.32992667,0.026666667,-0.181369647,1.05479455
247,2,NC,-15.56556707,-36.82464929,39.97926554,0.422694238,573.1965483,0.70289172,741,1072,1504,2146,2813,-0.303219825,0.048858833,-0.134502918,1.102737308
248,2,NC,-23.35523134,-35.75142057,42.70399166,0.653267226,834.982698,0.604862895,1054,1475,2086,3026,3809.5,-0.292341709,0.050828554,-0.114622504,1.107101083
