system:index,VHresidue,VVresidue,product,ratio,span,.geo
0_0,-24.931616200711,-3.538484839188488,88.22014594268197,0.14192761555055453,25.181468609608974,"{""type"":""MultiPoint"",""coordinates"":[]}"
2_0,-8.649163974410559,-0.17619095155574804,1.523904430813092,0.020370864984988964,8.650958369316754,"{""type"":""MultiPoint"",""coordinates"":[]}"
7_0,-9.013649445272225,-4.572947243377575,41.21894338352943,0.5073358212057099,10.1073103649275,"{""type"":""MultiPoint"",""coordinates"":[]}"
9_0,-6.584738889370424,-3.31584575472351,21.83397849228172,0.5035652605870515,7.372490712798841,"{""type"":""MultiPoint"",""coordinates"":[]}"
10_0,-1.8115223092820116,-3.036332919705849,5.500384822454532,1.6761222890538319,3.5356655209897725,"{""type"":""MultiPoint"",""coordinates"":[]}"
15_0,-9.81360433483107,-5.410020291663477,53.091798585792745,0.5512776047493466,11.206031839898802,"{""type"":""MultiPoint"",""coordinates"":[]}"
20_0,-34.924148278151605,-26.26912899910097,917.4269563024945,0.7521766540985289,43.700838336646676,"{""type"":""MultiPoint"",""coordinates"":[]}"
21_0,-26.629347523374783,-19.066757268933713,507.7353054582681,0.7160054241733577,32.75154015116088,"{""type"":""MultiPoint"",""coordinates"":[]}"
24_0,-34.10700094380948,-11.72632080769157,399.94963485534913,0.3438097892866752,36.06652344024748,"{""type"":""MultiPoint"",""coordinates"":[]}"
26_0,-21.634018394178675,-9.037260894894846,195.51226843314674,0.41773380840457314,23.44574239306695,"{""type"":""MultiPoint"",""coordinates"":[]}"
30_0,-16.741601080090813,-10.874178278030023,182.0511548045675,0.6495303660628758,19.963190124508603,"{""type"":""MultiPoint"",""coordinates"":[]}"
32_0,-18.322219069449744,-7.415014020867485,135.85951129337545,0.4047006529482661,19.765782164097864,"{""type"":""MultiPoint"",""coordinates"":[]}"
36_0,-13.454230042991412,-4.162767074512271,56.00682583587846,0.309402103369025,14.083498704738682,"{""type"":""MultiPoint"",""coordinates"":[]}"
38_0,-37.516179000892485,-14.56602631913405,546.4616507203441,0.38825985766800863,40.24466187653602,"{""type"":""MultiPoint"",""coordinates"":[]}"
40_0,-53.060837217449304,-18.613712124044618,987.659149026394,0.3507994426805503,56.23097656322055,"{""type"":""MultiPoint"",""coordinates"":[]}"
42_0,-19.001525699724024,-4.680367555497529,88.9341243899408,0.24631535538041066,19.569461397080566,"{""type"":""MultiPoint"",""coordinates"":[]}"
44_0,-10.642075447033356,-1.6305824579857422,17.352781540493368,0.1532203437291259,10.766269965621383,"{""type"":""MultiPoint"",""coordinates"":[]}"
45_0,-20.934930232903568,-15.790358326532257,330.57004991850073,0.7542589419149076,26.222256194630287,"{""type"":""MultiPoint"",""coordinates"":[]}"
48_0,-2.9323619625729584,-0.3722393046242374,1.0915403778547221,0.12694179960567398,2.955893905310518,"{""type"":""MultiPoint"",""coordinates"":[]}"
50_0,-29.49350562506216,-19.89562647776163,586.7917714359983,0.6745765230720924,35.57671748486899,"{""type"":""MultiPoint"",""coordinates"":[]}"
54_0,-24.33547132079067,-3.4120616894006996,83.03412938717929,0.14020939411539782,24.573508690809728,"{""type"":""MultiPoint"",""coordinates"":[]}"
56_0,-40.992502550007075,-10.918431754903596,447.57384155496385,0.2663519198805712,42.42166212324576,"{""type"":""MultiPoint"",""coordinates"":[]}"
59_0,-13.101147690496777,-4.361440762540401,57.13987957339467,0.3329052435386308,13.80804969332592,"{""type"":""MultiPoint"",""coordinates"":[]}"
60_0,-21.339638369943533,-16.10581600194543,343.69228913436524,0.7547370636153873,26.735322606029797,"{""type"":""MultiPoint"",""coordinates"":[]}"
61_0,-17.440289234653097,-5.466675053222152,95.34039408005695,0.31345093992822703,18.27698620467494,"{""type"":""MultiPoint"",""coordinates"":[]}"
63_0,-13.393145827222046,-9.620482022154826,128.84851865088763,0.7183138409947613,16.490301073292734,"{""type"":""MultiPoint"",""coordinates"":[]}"
67_0,-19.91979126438949,-3.2719697777842303,65.17695499685274,0.16425723213443075,20.186725099519766,"{""type"":""MultiPoint"",""coordinates"":[]}"
70_0,-6.020710853828337,-3.2035533905081053,19.28766866905072,0.5320888958603767,6.819949670726487,"{""type"":""MultiPoint"",""coordinates"":[]}"
71_0,-13.076807461336951,-21.798353407308294,285.05287048154884,1.6669476454216805,25.419895842642372,"{""type"":""MultiPoint"",""coordinates"":[]}"
72_0,-7.435900988793815,-0.5253027319262689,3.906099103746635,0.07064412674643195,7.454432672934543,"{""type"":""MultiPoint"",""coordinates"":[]}"
73_0,-6.379621101458415,-5.693593331665927,36.322968161818864,0.8924657500998517,8.55082279225597,"{""type"":""MultiPoint"",""coordinates"":[]}"
76_0,-39.691049217383956,-24.406785638341685,968.7309300095596,0.6149191346559808,46.59474834327102,"{""type"":""MultiPoint"",""coordinates"":[]}"
78_0,-48.95393027035023,-16.550152784069002,810.1950253549567,0.33807607872687767,51.67586328345506,"{""type"":""MultiPoint"",""coordinates"":[]}"
79_0,-29.545422174268495,-16.637783733195576,491.5703444414402,0.5631256048757918,33.90793150589319,"{""type"":""MultiPoint"",""coordinates"":[]}"
82_0,-2.8025819287636367,-3.9405292723138317,11.043656128350868,1.4060353532830359,4.835518215599511,"{""type"":""MultiPoint"",""coordinates"":[]}"
83_0,-18.145079618367244,-1.0194523920257286,18.49804482044178,0.05618340693274193,18.17369520863859,"{""type"":""MultiPoint"",""coordinates"":[]}"
84_0,-7.246184266671513,-2.4392785502664047,17.67546185296972,0.3366293845832424,7.64573516886032,"{""type"":""MultiPoint"",""coordinates"":[]}"
88_0,-21.000748787759555,-14.00670775381155,294.15135088136026,0.6669623019335132,25.243203278254306,"{""type"":""MultiPoint"",""coordinates"":[]}"
89_0,-36.019388289783414,-20.640445868627385,743.4562342163457,0.5730371016456676,41.514146244695,"{""type"":""MultiPoint"",""coordinates"":[]}"
90_0,-34.022013722126246,-5.1167419384554265,174.08186444270936,0.1503950348220496,34.40462855159601,"{""type"":""MultiPoint"",""coordinates"":[]}"
92_0,-29.613172874669356,-14.880337809770872,440.6540159942236,0.502490492077574,33.14158205393866,"{""type"":""MultiPoint"",""coordinates"":[]}"
95_0,-15.669026724702615,-3.2842149801496117,51.46045229363293,0.20959916897531128,16.009511751933093,"{""type"":""MultiPoint"",""coordinates"":[]}"
98_0,-4.613418014437496,-7.570432839832453,34.92557124037225,1.6409596564068343,8.865386576926584,"{""type"":""MultiPoint"",""coordinates"":[]}"
101_0,-14.898705028716975,-4.133459091200006,61.583187748057426,0.2774374741450912,15.46146485916973,"{""type"":""MultiPoint"",""coordinates"":[]}"
102_0,-14.616478058289118,-3.9117080888702382,57.1753954514039,0.26762316293095506,15.130858898323654,"{""type"":""MultiPoint"",""coordinates"":[]}"
104_0,-2.2821054944115993,-3.7701381269616103,8.603852934229746,1.6520437535398311,4.407033807902228,"{""type"":""MultiPoint"",""coordinates"":[]}"
107_0,-30.8294403377924,-13.052043243137302,402.38718845058787,0.42336296410601393,33.47850391463494,"{""type"":""MultiPoint"",""coordinates"":[]}"
109_0,-6.805922047867281,-1.6508444663612245,11.235518751207554,0.24256000212029125,7.003275117668977,"{""type"":""MultiPoint"",""coordinates"":[]}"
110_0,-49.25289754947113,-18.481049070795567,910.2452164906426,0.3752276513728483,52.606055656890426,"{""type"":""MultiPoint"",""coordinates"":[]}"
115_0,-33.28228303434625,-9.308058471365285,309.7934365442237,0.27967007136378436,34.5593737860611,"{""type"":""MultiPoint"",""coordinates"":[]}"
116_0,-17.793840788226227,-5.317258449591602,94.61445028188359,0.29882578544312416,18.571322177392126,"{""type"":""MultiPoint"",""coordinates"":[]}"
117_0,-46.82247348960357,-18.549007202180952,868.5103979825833,0.39615607249581897,50.362780819482055,"{""type"":""MultiPoint"",""coordinates"":[]}"
124_0,-39.84059124469664,-21.591444128811922,860.215899918701,0.5419458761593067,45.31515387036223,"{""type"":""MultiPoint"",""coordinates"":[]}"
126_0,-20.70731470573078,-16.811300544837263,348.1168909945685,0.8118532404486377,26.672321015071407,"{""type"":""MultiPoint"",""coordinates"":[]}"
128_0,-10.613395635269786,-0.5781756638865829,6.13640706751307,0.05447603045770055,10.629132326256666,"{""type"":""MultiPoint"",""coordinates"":[]}"
131_0,-23.873951112301242,-18.25196879796271,435.7466107858094,0.7645139554867497,30.051620700294254,"{""type"":""MultiPoint"",""coordinates"":[]}"
132_0,-13.130263450616944,-6.068581519273453,79.68207411960566,0.46218276899754906,14.464836671690229,"{""type"":""MultiPoint"",""coordinates"":[]}"
133_0,-52.1643466256785,-17.952967405081743,936.5048146781919,0.34416164615093997,55.167273791006416,"{""type"":""MultiPoint"",""coordinates"":[]}"
136_0,-21.876080692567776,-23.324586486890762,510.25053610799824,1.0662141365576103,31.978105654528438,"{""type"":""MultiPoint"",""coordinates"":[]}"
146_0,-24.43408204443107,-18.985882465869565,463.9026098569822,0.777024585222622,30.94330458050339,"{""type"":""MultiPoint"",""coordinates"":[]}"
149_0,-12.206296093696992,-3.6397345513908235,44.42767763673578,0.2981850123454146,12.737398946864724,"{""type"":""MultiPoint"",""coordinates"":[]}"
150_0,-11.319764594801718,-2.4148359688728736,27.335374702700857,0.21332916852191597,11.574476369939536,"{""type"":""MultiPoint"",""coordinates"":[]}"
152_0,-6.429534303350536,-6.513318587081926,41.87760528429389,1.0130311589888756,9.152170801224601,"{""type"":""MultiPoint"",""coordinates"":[]}"
156_0,-10.390078083262338,-2.6404227843170958,27.434198901879576,0.2541292532315638,10.720333719443124,"{""type"":""MultiPoint"",""coordinates"":[]}"
157_0,-2.211870122339949,-1.5497314254807684,3.4278046376722107,0.7006430485354626,2.7007474760189623,"{""type"":""MultiPoint"",""coordinates"":[]}"
158_0,-33.096089512270396,-25.78117173221657,853.2559673806549,0.77897939340109,41.95259177798503,"{""type"":""MultiPoint"",""coordinates"":[]}"
161_0,-13.4755048037106,-8.894005956838601,119.85121999560926,0.6600128222572825,16.145976950160307,"{""type"":""MultiPoint"",""coordinates"":[]}"
163_0,-25.90030128660117,-6.721365205322627,174.08538387513397,0.25950915130086716,26.758220362349135,"{""type"":""MultiPoint"",""coordinates"":[]}"
168_0,-28.6239608785739,-3.602762976446094,103.12534649256746,0.12586528439335928,28.849801341475125,"{""type"":""MultiPoint"",""coordinates"":[]}"
169_0,-12.415436633947682,-4.592372712423936,57.01631241056982,0.3698921631049974,13.237558458469074,"{""type"":""MultiPoint"",""coordinates"":[]}"
172_0,-9.48938559422444,-0.562523593101691,5.3380032807905575,0.05927924284624515,9.5060439589069,"{""type"":""MultiPoint"",""coordinates"":[]}"
173_0,-16.2524870959254,-9.356217003095601,152.06179610948908,0.57567909132143,18.753189952971653,"{""type"":""MultiPoint"",""coordinates"":[]}"
174_0,-21.215115211495185,-17.09741432669047,362.7236147594067,0.8059072107902774,27.24706755039035,"{""type"":""MultiPoint"",""coordinates"":[]}"
176_0,-3.611313531392277,-0.47117098769536625,1.70154616346374,0.1304708061483974,3.6419208560405023,"{""type"":""MultiPoint"",""coordinates"":[]}"
180_0,-18.141314303198513,-11.550730594718196,209.54543415035388,0.6367085869121222,21.506433035703385,"{""type"":""MultiPoint"",""coordinates"":[]}"
184_0,-38.69646080752336,-25.078867320362832,970.4634063594987,0.6480920166085836,46.11253262509612,"{""type"":""MultiPoint"",""coordinates"":[]}"
185_0,-40.93360584665356,-16.137434045486227,660.5633645943013,0.39423436346997287,43.99973710355107,"{""type"":""MultiPoint"",""coordinates"":[]}"
188_0,-14.850081258799712,-10.910441299760786,162.02093987081201,0.7347058315452373,18.42722558467444,"{""type"":""MultiPoint"",""coordinates"":[]}"
193_0,-33.33266784522701,-26.771225590343008,892.3563704125448,0.8031528023694164,42.75237145807548,"{""type"":""MultiPoint"",""coordinates"":[]}"
197_0,-19.91030777912764,-15.99454672922367,318.45634816648254,0.8033299588663849,25.539104936017434,"{""type"":""MultiPoint"",""coordinates"":[]}"
199_0,-10.922101984343737,-2.7904868575319206,30.47798204393451,0.25548991041577324,11.272937889408588,"{""type"":""MultiPoint"",""coordinates"":[]}"
201_0,-4.0260288660241095,-0.16288399762163408,0.6557756762381012,0.040457732182752476,4.029322477382591,"{""type"":""MultiPoint"",""coordinates"":[]}"
203_0,-17.882012289278663,-4.989330237680782,89.21926462547738,0.2790139139246753,18.565014940326574,"{""type"":""MultiPoint"",""coordinates"":[]}"
204_0,-3.512921106325674,-0.021038889288336193,0.07390795823464535,0.0059890013614173464,3.5129841067290477,"{""type"":""MultiPoint"",""coordinates"":[]}"
205_0,-16.679425122241238,-8.034980891148713,134.01886213255412,0.48173008555519337,18.51389046984931,"{""type"":""MultiPoint"",""coordinates"":[]}"
206_0,-11.617268551867472,-7.102017486788082,82.50604440407604,0.6113328150313299,13.616151474952556,"{""type"":""MultiPoint"",""coordinates"":[]}"
207_0,-22.204331703483014,-12.71309134270842,282.285697150176,0.5725500552090123,25.5862275039981,"{""type"":""MultiPoint"",""coordinates"":[]}"
209_0,-12.658465778998874,-1.1958404783860281,15.13750577279118,0.09446962209037975,12.714825611381075,"{""type"":""MultiPoint"",""coordinates"":[]}"
212_0,-28.134552103434096,-12.433091582077664,349.7994629227319,0.441915390597602,30.75930409403273,"{""type"":""MultiPoint"",""coordinates"":[]}"
213_0,-19.816749037394665,-9.908167028830679,196.34765943092592,0.49998952957085635,22.155706178821966,"{""type"":""MultiPoint"",""coordinates"":[]}"
215_0,-23.383924605070767,-8.492102075827741,198.57867467972085,0.3631598296372476,24.878177738771623,"{""type"":""MultiPoint"",""coordinates"":[]}"
216_0,-20.359497666634248,-5.4164126371152825,110.27544044687684,0.26603861872249734,21.067668857592846,"{""type"":""MultiPoint"",""coordinates"":[]}"
221_0,-13.571880788949478,-8.530346579337586,115.77284686319268,0.6285309097529931,16.03005804459461,"{""type"":""MultiPoint"",""coordinates"":[]}"
224_0,-15.130518137874773,-4.752868979537739,71.91337030183813,0.3141246675247914,15.859455938247365,"{""type"":""MultiPoint"",""coordinates"":[]}"
226_0,-12.372380852644941,-7.920961462261566,98.00115193022347,0.6402131939357686,14.690726273725478,"{""type"":""MultiPoint"",""coordinates"":[]}"
228_0,-11.33420200131848,-3.690619028440386,41.83022157825309,0.3256178977585775,11.919933045943594,"{""type"":""MultiPoint"",""coordinates"":[]}"
232_0,-25.19023281540977,-9.69221640793834,244.14918781330138,0.38476089041976863,26.990496256883766,"{""type"":""MultiPoint"",""coordinates"":[]}"
235_0,-36.789396849719864,-20.512695583511366,754.6496982792956,0.5575708584542223,42.12161441193802,"{""type"":""MultiPoint"",""coordinates"":[]}"
236_0,-37.373376792182164,-14.668404506729424,548.2078085701417,0.39248271806677604,40.14886528438208,"{""type"":""MultiPoint"",""coordinates"":[]}"
239_0,-20.078314091933592,-10.133740528038203,203.46842524810802,0.5047107282831782,22.49069571765051,"{""type"":""MultiPoint"",""coordinates"":[]}"
240_0,-16.554075301196747,-9.38202470239496,155.31074340113415,0.5667501525570989,19.027868945156243,"{""type"":""MultiPoint"",""coordinates"":[]}"
243_0,-17.943607571742714,-1.2459199213227024,22.356298134031128,0.06943530816427103,17.986810977464884,"{""type"":""MultiPoint"",""coordinates"":[]}"
250_0,-10.530393491108168,-2.9274794478517734,30.827510523011245,0.2780028543400328,10.929744873288113,"{""type"":""MultiPoint"",""coordinates"":[]}"
251_0,-39.24095081004175,-13.420416807109671,526.6299157780481,0.34200029637598356,41.472398143255084,"{""type"":""MultiPoint"",""coordinates"":[]}"
256_0,-9.474253810035187,-4.763262995873788,45.12836258685685,0.5027586437285975,10.604251959701203,"{""type"":""MultiPoint"",""coordinates"":[]}"
259_0,-3.5188601335797394,-0.16202704465062823,0.5701505079828401,0.04604532106986531,3.5225884521037987,"{""type"":""MultiPoint"",""coordinates"":[]}"
261_0,-10.77100836979212,-18.33245892054972,197.45906847211126,1.7020188167306691,21.26249447679587,"{""type"":""MultiPoint"",""coordinates"":[]}"
265_0,-10.850620279423506,-3.7808536673918596,41.02460747693485,0.3484458556310973,11.490466261317124,"{""type"":""MultiPoint"",""coordinates"":[]}"
266_0,-16.766797675144474,-3.790630514759231,63.55673490219677,0.22607957632712164,17.189950086566686,"{""type"":""MultiPoint"",""coordinates"":[]}"
272_0,-3.6514932592109126,-4.603982737253894,16.811411930606,1.2608493047714988,5.876228387919805,"{""type"":""MultiPoint"",""coordinates"":[]}"
275_0,-13.430359828410076,-13.863610198963727,186.19327349289867,1.032259029250815,19.302182593411093,"{""type"":""MultiPoint"",""coordinates"":[]}"
277_0,-15.779781647836995,-2.9511225070309823,46.5680687769662,0.18701922326254153,16.053368272886473,"{""type"":""MultiPoint"",""coordinates"":[]}"
278_0,-3.1766534535213538,-2.8740318947382306,9.12980334395072,0.9047357342527672,4.283828485798861,"{""type"":""MultiPoint"",""coordinates"":[]}"
279_0,-13.533580801155875,-3.4956603761110863,47.30880215349832,0.25829530465525646,13.97774841548266,"{""type"":""MultiPoint"",""coordinates"":[]}"
287_0,-8.600740996442262,-2.3585347715990324,20.285146701626385,0.2742246014122099,8.91826395419671,"{""type"":""MultiPoint"",""coordinates"":[]}"
288_0,-19.319082842958856,-6.638681839474451,128.2532444248534,0.34363338536508337,20.4278990221431,"{""type"":""MultiPoint"",""coordinates"":[]}"
289_0,-27.445717306660892,-13.69242807743561,375.798510255084,0.4988912450144835,30.671647903770875,"{""type"":""MultiPoint"",""coordinates"":[]}"
291_0,-9.51648778180994,-1.9836276831971524,18.877168610805658,0.2084411527316527,9.72102455952478,"{""type"":""MultiPoint"",""coordinates"":[]}"
293_0,-9.160029186404667,-3.756491333953189,34.40957025748742,0.4100960005158696,9.900371803010772,"{""type"":""MultiPoint"",""coordinates"":[]}"
294_0,-16.017826310693284,-16.11808740051733,258.1767244420604,1.006259344300488,22.723633097950106,"{""type"":""MultiPoint"",""coordinates"":[]}"
295_0,-17.89892671812586,-10.551497786994709,188.8604856558855,0.5895044967310489,20.77752832292123,"{""type"":""MultiPoint"",""coordinates"":[]}"
296_0,-6.350445424902773,-1.8407646886154687,11.68967569514068,0.28986387024082666,6.611850855359804,"{""type"":""MultiPoint"",""coordinates"":[]}"
299_0,-22.937753872882105,-18.037090098140027,413.73033325413485,0.7863494480801875,29.180081767214755,"{""type"":""MultiPoint"",""coordinates"":[]}"
300_0,-26.643287111515388,-17.292165906647174,460.72014103075844,0.6490252435546287,31.762930435488048,"{""type"":""MultiPoint"",""coordinates"":[]}"
305_0,-21.68687552380795,-1.018964836240606,22.098163566687376,0.04698532230343564,21.71080052238137,"{""type"":""MultiPoint"",""coordinates"":[]}"
306_0,-17.11624202619886,-7.993390474167768,136.816805965768,0.4670061606941955,18.890739328356954,"{""type"":""MultiPoint"",""coordinates"":[]}"
313_0,-1.973541514651867,-0.41063948875848943,0.8104140786202975,0.20807238444686396,2.0158102340702158,"{""type"":""MultiPoint"",""coordinates"":[]}"
316_0,-36.651340160952174,-9.21057678972701,337.57998299885554,0.25130259219115353,37.790944158532,"{""type"":""MultiPoint"",""coordinates"":[]}"
322_0,-20.0752982920277,-20.213463643267307,405.79131215364816,1.0068823560790863,28.488624290610797,"{""type"":""MultiPoint"",""coordinates"":[]}"
324_0,-33.277469265280274,-18.896770032242458,628.8366839610177,0.5678547813116973,38.268497205314056,"{""type"":""MultiPoint"",""coordinates"":[]}"
327_0,-41.64274578069285,-16.8619421968059,702.1775722703255,0.4049190772771697,44.927089498473364,"{""type"":""MultiPoint"",""coordinates"":[]}"
328_0,-10.706640296791196,-4.854053073364312,51.9706002380455,0.45336846469186814,11.755593463705292,"{""type"":""MultiPoint"",""coordinates"":[]}"
329_0,-28.39183929527684,-16.780715360744686,476.4353737820466,0.5910400938179536,32.980129572018946,"{""type"":""MultiPoint"",""coordinates"":[]}"
333_0,-10.882487558586021,-0.9585009529184347,10.430874695027711,0.08807737640482764,10.924617134688294,"{""type"":""MultiPoint"",""coordinates"":[]}"
335_0,-26.65338883394538,-24.39590526472105,650.2335489767054,0.9153021935301063,36.132579897078045,"{""type"":""MultiPoint"",""coordinates"":[]}"
337_0,-3.790620691552842,-1.0203992575480214,3.8679465393066876,0.2691905470314971,3.9255598163870973,"{""type"":""MultiPoint"",""coordinates"":[]}"
344_0,-4.099534173277,-2.355359437135199,9.65587650288623,0.5745431889527148,4.727990959801825,"{""type"":""MultiPoint"",""coordinates"":[]}"
348_0,-6.762918908562174,-1.7207363774541165,11.637200583735222,0.25443693776596715,6.978395649752291,"{""type"":""MultiPoint"",""coordinates"":[]}"
349_0,-8.527807662296958,-8.20760257171348,69.99285610014643,0.9624516519058978,11.83588794726988,"{""type"":""MultiPoint"",""coordinates"":[]}"
350_0,-43.87308062349212,-18.61525100484424,816.7084081620741,0.4242977867133539,47.65894221831611,"{""type"":""MultiPoint"",""coordinates"":[]}"
357_0,-14.310501974841188,-7.1127864780624215,101.78754494093597,0.49703263313664137,15.980682033456556,"{""type"":""MultiPoint"",""coordinates"":[]}"
361_0,-24.472949100584746,-8.44491656635268,206.67201328703402,0.3450714718378955,25.889029597350103,"{""type"":""MultiPoint"",""coordinates"":[]}"
362_0,-14.2363901830871,-3.0850283949101183,43.91966795584336,0.2167001855972694,14.566818652077071,"{""type"":""MultiPoint"",""coordinates"":[]}"
365_0,-4.794601754581162,-2.2308749549096003,10.69615697306074,0.465288895532989,5.288195254477246,"{""type"":""MultiPoint"",""coordinates"":[]}"
368_0,-15.24365133509541,-0.2519476592887955,3.840602272891811,0.01652803870610299,15.245733293252155,"{""type"":""MultiPoint"",""coordinates"":[]}"
369_0,-13.790844006056748,-8.978196944443129,123.81691351647054,0.6510259227426566,16.45586214005815,"{""type"":""MultiPoint"",""coordinates"":[]}"
371_0,-14.412239252590513,-6.063409555910223,87.38730920622173,0.4207125242401427,15.635778705156138,"{""type"":""MultiPoint"",""coordinates"":[]}"
373_0,-24.186875539902356,-11.003355964459207,266.13680123361706,0.45493085480621065,26.57214313643758,"{""type"":""MultiPoint"",""coordinates"":[]}"
376_0,-27.057924466740307,-14.790714031778368,400.2060230810151,0.5466315071564031,30.836609703689366,"{""type"":""MultiPoint"",""coordinates"":[]}"
379_0,-30.06401853363262,-13.804547399289707,415.0201688606557,0.4591717299484285,33.081879319195906,"{""type"":""MultiPoint"",""coordinates"":[]}"
380_0,-7.265805732637105,-4.318785894318719,31.379459308973214,0.5943987567571845,8.452446068765452,"{""type"":""MultiPoint"",""coordinates"":[]}"
381_0,-16.429220606516974,-11.58720772202556,190.36879187869494,0.7052804268407757,20.10429487773622,"{""type"":""MultiPoint"",""coordinates"":[]}"
382_0,-19.04332632860603,-2.3360382403026385,44.48593852618574,0.12266965339944559,19.186071831355576,"{""type"":""MultiPoint"",""coordinates"":[]}"
388_0,-21.135618718381817,-15.76045668997148,333.1070034268072,0.745682295842349,26.36487006767298,"{""type"":""MultiPoint"",""coordinates"":[]}"
389_0,-13.891403799199416,-2.6290364296516735,36.521006647096925,0.18925635361655738,14.137996041195075,"{""type"":""MultiPoint"",""coordinates"":[]}"
391_0,-34.238725527011994,-19.403055815227685,664.3359024428746,0.566699125524401,39.354401287313515,"{""type"":""MultiPoint"",""coordinates"":[]}"
392_0,-31.733775373970715,-19.382809844186777,615.0897337118115,0.6107943229498409,37.1850214056888,"{""type"":""MultiPoint"",""coordinates"":[]}"
393_0,-31.487966683721144,-14.777079592135642,465.3001898798627,0.4692929124501137,34.78295742382244,"{""type"":""MultiPoint"",""coordinates"":[]}"
394_0,-20.462893842334093,-17.097678664634774,349.86798346476195,0.8355454901135593,26.665720318823972,"{""type"":""MultiPoint"",""coordinates"":[]}"
397_0,-5.548366088128208,-2.582634545997493,14.329401933040883,0.46547659346479214,6.119997340364684,"{""type"":""MultiPoint"",""coordinates"":[]}"
400_0,-30.080334023582086,-18.171714121182827,546.6112305462228,0.6041061281745324,35.14310300858855,"{""type"":""MultiPoint"",""coordinates"":[]}"
401_0,-14.12888979017593,-7.723998191538346,109.13151918776347,0.5466811834648877,16.102349976504215,"{""type"":""MultiPoint"",""coordinates"":[]}"
403_0,-10.562163000430289,-9.872011105558851,104.2697904389706,0.9346580908812596,14.457381869340514,"{""type"":""MultiPoint"",""coordinates"":[]}"
405_0,-31.81144393065187,-27.419006583786427,872.2381905742964,0.861922729554784,41.997260470115556,"{""type"":""MultiPoint"",""coordinates"":[]}"
407_0,-19.735499919419485,-8.103323533528096,159.92314094297376,0.41059631459117624,21.33433405003392,"{""type"":""MultiPoint"",""coordinates"":[]}"
409_0,-11.273056494117984,-6.768861665630967,76.30575995752744,0.6004459987548896,13.149117497688735,"{""type"":""MultiPoint"",""coordinates"":[]}"
410_0,-7.9112990710723174,-11.411827360069996,90.28237919295941,1.442471995755712,13.88590856544835,"{""type"":""MultiPoint"",""coordinates"":[]}"
413_0,-30.33292470152924,-18.056471797707296,547.7055994151417,0.595276320215735,35.300460262297456,"{""type"":""MultiPoint"",""coordinates"":[]}"
414_0,-28.249469263912903,-11.650111622615444,329.10947020422947,0.41240107960179634,30.557447774841396,"{""type"":""MultiPoint"",""coordinates"":[]}"
417_0,-1.6896102536867694,-1.8291309945881409,3.0905184837924016,1.082575694955055,2.4900809233288927,"{""type"":""MultiPoint"",""coordinates"":[]}"
420_0,-23.446394706449535,-10.396874122658257,243.76921439311673,0.44343167693062546,25.64816594326046,"{""type"":""MultiPoint"",""coordinates"":[]}"
423_0,-28.998809465282832,-13.11780168680055,380.4006317188949,0.452356559758258,31.827781441658868,"{""type"":""MultiPoint"",""coordinates"":[]}"
424_0,-12.615982624738958,-1.8385900159400972,23.19561969511879,0.1457349832057287,12.749252167653987,"{""type"":""MultiPoint"",""coordinates"":[]}"
425_0,-15.018847923424332,-5.811323018772782,87.27937665284362,0.38693533940836305,16.103951942783045,"{""type"":""MultiPoint"",""coordinates"":[]}"
427_0,-20.10676456107632,-11.447650055486012,230.17520444324953,0.5693432188312855,23.137214026486067,"{""type"":""MultiPoint"",""coordinates"":[]}"
429_0,-4.930017402142411,-0.3662826097868539,1.805779640351328,0.07429641315823357,4.943605418685767,"{""type"":""MultiPoint"",""coordinates"":[]}"
430_0,-7.9108615628774075,-3.9446236510652035,31.20537162122886,0.4986338870567254,8.83978429689063,"{""type"":""MultiPoint"",""coordinates"":[]}"
433_0,-22.662749319682867,-13.431129265976985,304.38631563509256,0.5926522451674426,26.343793198515847,"{""type"":""MultiPoint"",""coordinates"":[]}"
438_0,-29.349284092125323,-21.678105132323545,636.2368661075237,0.7386246650609094,36.487267900575304,"{""type"":""MultiPoint"",""coordinates"":[]}"
439_0,-46.45225743161211,-18.07762014331975,839.7462646483856,0.38916558942122376,49.84588820092308,"{""type"":""MultiPoint"",""coordinates"":[]}"
440_0,-23.50108948795756,-19.357381947601258,454.9195654031514,0.8236801939552792,30.44682976906312,"{""type"":""MultiPoint"",""coordinates"":[]}"
442_0,-15.821778963659732,-6.466824124613462,102.31666189649653,0.4087292673893873,17.092352203064046,"{""type"":""MultiPoint"",""coordinates"":[]}"
445_0,-8.866666805994075,-2.0460685151543583,18.141807786108735,0.2307596033462279,9.09968002828798,"{""type"":""MultiPoint"",""coordinates"":[]}"
448_0,-13.620333848289608,-8.550806353252744,116.46483720337818,0.6277971192553788,16.081970757021388,"{""type"":""MultiPoint"",""coordinates"":[]}"
452_0,-7.922057958214154,-1.5740208366043813,12.46948429501664,0.1986883767963758,8.076914255293847,"{""type"":""MultiPoint"",""coordinates"":[]}"
454_0,-28.958520122532544,-14.520258997996548,420.48521237786724,0.5014157814887223,32.39496579803754,"{""type"":""MultiPoint"",""coordinates"":[]}"
455_0,-29.614252361200887,-13.815164901610558,409.1257798079001,0.46650392294591564,32.67816892317537,"{""type"":""MultiPoint"",""coordinates"":[]}"
456_0,-25.536556835455126,-5.3683373948776385,137.08885299619192,0.21022166102769982,26.094727080306313,"{""type"":""MultiPoint"",""coordinates"":[]}"
462_0,-11.8144065158919,-5.482785722211808,64.77585936173827,0.46407627118947997,13.024635910398365,"{""type"":""MultiPoint"",""coordinates"":[]}"
463_0,-1.1147907875568173,-2.613481005128566,2.9134845479720566,2.344369037042626,2.8413098148898457,"{""type"":""MultiPoint"",""coordinates"":[]}"
464_0,-12.993648296146748,-0.4231961086706377,5.498861396364166,0.03256946001810254,13.00053810387675,"{""type"":""MultiPoint"",""coordinates"":[]}"
466_0,-17.533852922264476,-9.54383389870338,167.340179894387,0.5443089970593186,19.962984841592256,"{""type"":""MultiPoint"",""coordinates"":[]}"
474_0,-6.803204819175605,-2.582276009571885,17.567752592760996,0.37956758295641,7.276794981395633,"{""type"":""MultiPoint"",""coordinates"":[]}"
477_0,-17.456524721937825,-6.110466586987419,106.66751103832092,0.350039122008536,18.495081975441906,"{""type"":""MultiPoint"",""coordinates"":[]}"
480_0,-10.151191979383768,-8.18680821888196,83.10586192826767,0.8064873795617984,13.041109132855938,"{""type"":""MultiPoint"",""coordinates"":[]}"
481_0,-10.527018417674746,-7.484445214607383,78.78889262024954,0.7109748380454131,12.916463793799087,"{""type"":""MultiPoint"",""coordinates"":[]}"
484_0,-12.86168065538794,-4.33746615822464,55.78710458063769,0.3372394537262604,13.57337253430128,"{""type"":""MultiPoint"",""coordinates"":[]}"
486_0,-21.643005263067167,-5.375884183359679,116.35028967409306,0.24838898840603194,22.30066832115239,"{""type"":""MultiPoint"",""coordinates"":[]}"
487_0,-34.90442512257288,-23.465374383584187,819.0454031449541,0.6722750568497117,42.05880036447861,"{""type"":""MultiPoint"",""coordinates"":[]}"
492_0,-24.808778687745104,-3.515927674785395,87.22587156586911,0.14172111086315478,25.05668069381572,"{""type"":""MultiPoint"",""coordinates"":[]}"
496_0,-31.873066443652505,-16.27450446141517,518.7183620362048,0.5106036625056584,35.787593660179354,"{""type"":""MultiPoint"",""coordinates"":[]}"
498_0,-28.137071510318496,-12.719408429644567,357.88690455385705,0.4520516083196531,30.87844141107012,"{""type"":""MultiPoint"",""coordinates"":[]}"
499_0,-15.001403063922705,-15.770398492260195,236.57810426107412,1.0512615670054801,21.765742865589317,"{""type"":""MultiPoint"",""coordinates"":[]}"
500_0,-9.35097955302653,-2.0605640467089934,19.268292268477403,0.2203580956437952,9.575319461600746,"{""type"":""MultiPoint"",""coordinates"":[]}"
501_0,-3.148897348710179,-3.7606848962871826,11.842010699253123,1.1942862786008563,4.904926645922091,"{""type"":""MultiPoint"",""coordinates"":[]}"
503_0,-23.763734291654696,-18.106085258681503,430.2681991493532,0.7619208764272358,29.875498169553744,"{""type"":""MultiPoint"",""coordinates"":[]}"
504_0,-8.950597225423483,-3.034117428971829,27.15716304136428,0.338984913805936,9.450876110951258,"{""type"":""MultiPoint"",""coordinates"":[]}"
510_0,-41.82483691675496,-22.195787785669452,928.3352043745266,0.5306843832970896,47.34944538787779,"{""type"":""MultiPoint"",""coordinates"":[]}"
515_0,-4.534301218337021,-6.103755880080506,27.67626772348079,1.3461293341952019,7.603665128227961,"{""type"":""MultiPoint"",""coordinates"":[]}"
519_0,-36.127939199105086,-16.88954713393233,610.1845319551268,0.4674926804114721,39.88088255246561,"{""type"":""MultiPoint"",""coordinates"":[]}"
524_0,-17.61580423400141,-13.440027510878622,236.75689353123104,0.762952819658222,22.15741181419518,"{""type"":""MultiPoint"",""coordinates"":[]}"
527_0,-37.15434472100564,-25.708020133034477,955.1646421173164,0.6919250043589155,45.18127522334696,"{""type"":""MultiPoint"",""coordinates"":[]}"
528_0,-15.916767704842346,-13.953775282247298,222.09899977310118,0.8766714160188536,21.16722321886761,"{""type"":""MultiPoint"",""coordinates"":[]}"
530_0,-21.74889508048024,-13.858334901404177,301.4034717607969,0.6371971932423415,25.788910086725547,"{""type"":""MultiPoint"",""coordinates"":[]}"
531_0,-12.916221899056136,-3.7439479906917104,48.35766302629949,0.28986401905694287,13.447897036438889,"{""type"":""MultiPoint"",""coordinates"":[]}"
532_0,-5.462600194088282,-0.6225011469663215,3.4004748862384058,0.1139569298225418,5.497954943288251,"{""type"":""MultiPoint"",""coordinates"":[]}"
533_0,-12.283765579194284,-9.43309908540252,115.87397785039656,0.7679321967345175,15.487874455832218,"{""type"":""MultiPoint"",""coordinates"":[]}"
537_0,-26.3126672891483,-27.684513997597804,728.45340588056,1.0521363605359488,38.194093458970904,"{""type"":""MultiPoint"",""coordinates"":[]}"
538_0,-1.3239026094950326,-1.4884349022314716,1.970542851127729,1.1242782449074524,1.9920232372160138,"{""type"":""MultiPoint"",""coordinates"":[]}"
540_0,-9.192183352070476,-2.8657639632860885,26.34262779428189,0.3117609661953267,9.628542873734883,"{""type"":""MultiPoint"",""coordinates"":[]}"
542_0,-15.914252673995502,-4.676615790894546,74.42484535549312,0.2938633617735827,16.587168939497097,"{""type"":""MultiPoint"",""coordinates"":[]}"
550_0,-26.349080245813642,-9.437307745981087,248.66437910329432,0.35816459845806164,27.988154767556246,"{""type"":""MultiPoint"",""coordinates"":[]}"
551_0,-1.3051530969156424,-0.5674777017175838,0.7406452798272757,0.43479780499211607,1.4231850014440017,"{""type"":""MultiPoint"",""coordinates"":[]}"
559_0,-12.408511183056323,-3.2389512562736478,40.19056288484588,0.26102658155286174,12.824272104901333,"{""type"":""MultiPoint"",""coordinates"":[]}"
560_0,-14.373202562409205,-5.661905320509433,81.37971206086449,0.3939209300032572,15.448175418425944,"{""type"":""MultiPoint"",""coordinates"":[]}"
562_0,-14.446967960079494,-0.28540010430495855,4.123166162697082,0.019755017460659486,14.44978672711472,"{""type"":""MultiPoint"",""coordinates"":[]}"
563_0,-52.17670782598647,-18.931888311188313,987.803605007081,0.3628417564083899,55.5051820516397,"{""type"":""MultiPoint"",""coordinates"":[]}"
566_0,-8.102911053748635,-0.9997770707231126,8.10110467764674,0.12338492476238988,8.164356786428769,"{""type"":""MultiPoint"",""coordinates"":[]}"
567_0,-17.028629392399793,-23.039455035111,392.3303411957646,1.3529835258141183,28.64944514818051,"{""type"":""MultiPoint"",""coordinates"":[]}"
569_0,-20.796148014703025,-5.127341320508126,106.62894902318986,0.24655245369878398,21.4189028959568,"{""type"":""MultiPoint"",""coordinates"":[]}"
570_0,-31.246946516043092,-14.91148696074854,465.9384355371836,0.4772142120540498,34.622595367144726,"{""type"":""MultiPoint"",""coordinates"":[]}"
571_0,-5.392010828323404,-4.673953477650562,25.202007762571657,0.8668293937947978,7.135798615712092,"{""type"":""MultiPoint"",""coordinates"":[]}"
572_0,-40.97765336706405,-20.165930424088064,826.3525067426116,0.492120186664874,45.67091881427848,"{""type"":""MultiPoint"",""coordinates"":[]}"
577_0,-16.23047854994666,-7.235156052241191,117.43004511141741,0.44577589194158224,17.770084891765737,"{""type"":""MultiPoint"",""coordinates"":[]}"
578_0,-22.41000803032324,-4.689388361181567,105.08923083138326,0.20925420262394828,22.89538868683249,"{""type"":""MultiPoint"",""coordinates"":[]}"
581_0,-17.435764873345928,-10.340379107596345,180.29241882130847,0.5930556636149467,20.271392078676264,"{""type"":""MultiPoint"",""coordinates"":[]}"
582_0,-33.06945372990909,-18.858407796637394,623.6372440506572,0.5702666863100081,38.068731455341045,"{""type"":""MultiPoint"",""coordinates"":[]}"
583_0,-2.008259187970925,-8.337596799629672,16.744055378453268,4.151653755436662,8.576049519403709,"{""type"":""MultiPoint"",""coordinates"":[]}"
585_0,-4.650685264667043,-1.7688050692685344,8.226155671715542,0.38033213786940034,4.975695409092204,"{""type"":""MultiPoint"",""coordinates"":[]}"
591_0,-30.346697913505057,-7.944082159986856,241.07666150918587,0.2617774817750941,31.369260680133245,"{""type"":""MultiPoint"",""coordinates"":[]}"
593_0,-15.92634183886656,-12.78234852278932,203.57605207747372,0.802591621611144,20.421478842789174,"{""type"":""MultiPoint"",""coordinates"":[]}"
602_0,-22.424328721682585,-4.360705810247332,97.78590054753737,0.19446315938237507,22.84439261135221,"{""type"":""MultiPoint"",""coordinates"":[]}"
603_0,-18.89188204499988,-9.118545708574281,172.26648994832516,0.4826700530341121,20.977394572290127,"{""type"":""MultiPoint"",""coordinates"":[]}"
610_0,-14.283382598142609,-13.861528737347186,197.98951835067848,0.9704654091636332,19.903693058857822,"{""type"":""MultiPoint"",""coordinates"":[]}"
611_0,-20.581795851606106,-15.020254124434793,309.1438040283615,0.7297834568339032,25.479763626058045,"{""type"":""MultiPoint"",""coordinates"":[]}"
612_0,-21.02410481394317,-10.173445204110163,213.8875782901195,0.48389433434346,23.356197690306967,"{""type"":""MultiPoint"",""coordinates"":[]}"
613_0,-6.754225526022221,-6.656277617361887,44.95800019147603,0.9854982768515846,9.482910638393836,"{""type"":""MultiPoint"",""coordinates"":[]}"
615_0,-27.22311059043647,-11.772208146466074,320.4761242648831,0.43243435048901696,29.659444277714584,"{""type"":""MultiPoint"",""coordinates"":[]}"
617_0,-35.26704391750431,-10.206469674213988,359.9520142431806,0.28940530706482454,36.71425349765166,"{""type"":""MultiPoint"",""coordinates"":[]}"
624_0,-9.558961558229722,-8.362837305128275,79.94004031745062,0.8748688081006402,12.700818629669458,"{""type"":""MultiPoint"",""coordinates"":[]}"
628_0,-6.599336193107746,-0.2696963444373406,1.7798168469941946,0.04086719278205703,6.604844760315317,"{""type"":""MultiPoint"",""coordinates"":[]}"
632_0,-34.17002241800422,-9.07890391177418,310.22635019623,0.26569792084744126,35.355578460635314,"{""type"":""MultiPoint"",""coordinates"":[]}"
634_0,-11.900812596401558,-0.9924171368402526,11.810570362993246,0.08339070368525332,11.942120089337747,"{""type"":""MultiPoint"",""coordinates"":[]}"
637_0,-12.094748730185465,-4.993831085376506,60.399132178618196,0.4128925037452952,13.085155549537637,"{""type"":""MultiPoint"",""coordinates"":[]}"
639_0,-10.38449996526894,-4.890782754078108,50.78833333986205,0.470969499777108,11.478571142623043,"{""type"":""MultiPoint"",""coordinates"":[]}"
646_0,-42.97501669085418,-7.819214048896098,336.03085426067133,0.1819479002217621,43.680569684032854,"{""type"":""MultiPoint"",""coordinates"":[]}"
647_0,-13.13133362169387,-2.7369091420447482,35.93926703645352,0.20842583250822183,13.413522816025473,"{""type"":""MultiPoint"",""coordinates"":[]}"
648_0,-39.50733957759951,-9.83771057200676,388.6617722344118,0.24900969483616403,40.71376216708957,"{""type"":""MultiPoint"",""coordinates"":[]}"
653_0,-20.385274446348,-7.354014900093844,149.91361202094546,0.360751331528495,21.671200922047007,"{""type"":""MultiPoint"",""coordinates"":[]}"
655_0,-16.21215412023493,-10.180438948620028,165.04684524667036,0.627951034336238,19.143544039827894,"{""type"":""MultiPoint"",""coordinates"":[]}"
661_0,-24.56372285944322,-15.178225159947843,372.83371632718706,0.6179122459083095,28.874816011909186,"{""type"":""MultiPoint"",""coordinates"":[]}"
662_0,-13.844420693873772,-9.822638419640494,135.98873860531043,0.7095015845615745,16.975046682467706,"{""type"":""MultiPoint"",""coordinates"":[]}"
665_0,-9.37104509252217,-4.648396377238093,43.56033205901487,0.49603820399363807,10.460596302601687,"{""type"":""MultiPoint"",""coordinates"":[]}"
668_0,-6.542455433375917,-5.008683680558004,32.769089759928,0.7655663430287237,8.23957737445302,"{""type"":""MultiPoint"",""coordinates"":[]}"
669_0,-29.330817103003263,-8.851943765521604,259.63474359258413,0.3017966984839038,30.637456492956225,"{""type"":""MultiPoint"",""coordinates"":[]}"
672_0,-44.75362150016596,-8.826748615474633,395.02896661406567,0.19722981782472956,45.615766227269496,"{""type"":""MultiPoint"",""coordinates"":[]}"
673_0,-22.400970115789924,-9.659261257106637,216.3768227610532,0.43119834574923377,24.39476972962759,"{""type"":""MultiPoint"",""coordinates"":[]}"
674_0,-17.70581460648196,-10.708669845829847,189.60572297228705,0.6048109100786295,20.692304867899452,"{""type"":""MultiPoint"",""coordinates"":[]}"
676_0,-6.84576123162514,-1.4961986854425433,10.24261895561106,0.2185584093308138,7.007357372557914,"{""type"":""MultiPoint"",""coordinates"":[]}"
677_0,-11.224569858818587,-1.5437331982180211,17.327741126775617,0.13753161302704056,11.330228625353469,"{""type"":""MultiPoint"",""coordinates"":[]}"
679_0,-16.766444165638237,-6.593838879904187,110.55523141712813,0.3932759274872272,18.0164469619734,"{""type"":""MultiPoint"",""coordinates"":[]}"
682_0,-1.9302776919718525,-2.1058166410807644,4.064810885661297,1.0909397387945732,2.8566476320990053,"{""type"":""MultiPoint"",""coordinates"":[]}"
686_0,-41.98204836040314,-14.74823087621585,619.1609418756846,0.3512985061997634,44.49722124485297,"{""type"":""MultiPoint"",""coordinates"":[]}"
690_0,-9.280399031629216,-5.880386771973146,54.57233570422484,0.6336351219308313,10.986571565973675,"{""type"":""MultiPoint"",""coordinates"":[]}"
696_0,-26.156329311679638,-2.789032853590655,72.95086177961075,0.10662936761333948,26.304605439341596,"{""type"":""MultiPoint"",""coordinates"":[]}"
702_0,-16.735054454439297,-6.4621399420048675,108.14426382165865,0.38614394471185365,17.939378479286933,"{""type"":""MultiPoint"",""coordinates"":[]}"
704_0,-20.67982738190409,-3.6067693952562205,74.58736850023324,0.17441003392573426,20.991999571644126,"{""type"":""MultiPoint"",""coordinates"":[]}"
713_0,-47.803093917074555,-10.133172148794548,484.39697990671,0.21197732863008537,48.86529408324231,"{""type"":""MultiPoint"",""coordinates"":[]}"
720_0,-12.340720078783399,-4.314390212468357,53.24268192271483,0.3496060347309724,13.073153214444114,"{""type"":""MultiPoint"",""coordinates"":[]}"
722_0,-51.86407253545967,-6.646282227739707,344.70326355062866,0.12814809757169798,52.288192619502446,"{""type"":""MultiPoint"",""coordinates"":[]}"
723_0,-32.661398888317166,-11.815219532868639,385.901598116059,0.36174872892829124,34.732785519615994,"{""type"":""MultiPoint"",""coordinates"":[]}"
725_0,-4.8705837843937445,-6.617078296994029,32.229034253402894,1.3585801189164175,8.216344174226679,"{""type"":""MultiPoint"",""coordinates"":[]}"
729_0,-8.441393995679647,-4.024476956894983,33.972195619684406,0.4767550192485664,9.351660139615591,"{""type"":""MultiPoint"",""coordinates"":[]}"
731_0,-8.151565395099688,-2.3468183168277754,19.13024298003939,0.28789787029600045,8.482663178671253,"{""type"":""MultiPoint"",""coordinates"":[]}"
732_0,-18.531127726724797,-11.067017760889136,205.08431968096846,0.5972123188665285,21.584290049571333,"{""type"":""MultiPoint"",""coordinates"":[]}"
735_0,-17.28147109751599,-9.851813808119193,170.25383558312078,0.5700795813346745,19.892397507694454,"{""type"":""MultiPoint"",""coordinates"":[]}"
739_0,-32.45577642876791,-11.278550751864696,366.05412164303283,0.34750518991952684,34.35961482113201,"{""type"":""MultiPoint"",""coordinates"":[]}"
740_0,-30.22202221486136,-19.122849639729747,577.931186623366,0.6327455358141549,35.76386451572713,"{""type"":""MultiPoint"",""coordinates"":[]}"
745_0,-8.172661707512049,-2.858178526861206,23.358926199711775,0.3497243161593315,8.658035797849546,"{""type"":""MultiPoint"",""coordinates"":[]}"
746_0,-10.054198047002497,-5.207430787002922,52.356540448585456,0.517935966912392,11.322730844181306,"{""type"":""MultiPoint"",""coordinates"":[]}"
747_0,-11.688358345278896,-12.680211338362604,148.21085401665061,1.0848581951189349,17.245448106476978,"{""type"":""MultiPoint"",""coordinates"":[]}"
752_0,-33.297857101646215,-24.437777388120754,813.725619351486,0.7339144171806952,41.30317483236606,"{""type"":""MultiPoint"",""coordinates"":[]}"
755_0,-29.973221574530623,-14.190750558281042,425.3425107922518,0.473447624673734,33.162801645266065,"{""type"":""MultiPoint"",""coordinates"":[]}"
756_0,-24.600903861065703,-4.442396912775921,109.28697936389551,0.18057860547988328,24.998787192822743,"{""type"":""MultiPoint"",""coordinates"":[]}"
759_0,-14.824428423117709,-10.738647386074984,159.19430953596867,0.7243886293335113,18.30525131634623,"{""type"":""MultiPoint"",""coordinates"":[]}"
761_0,-28.86929853299834,-17.963277072301686,518.5872084312417,0.6222276946483201,34.001701736290485,"{""type"":""MultiPoint"",""coordinates"":[]}"
766_0,-14.334588997306096,-4.361772472291372,62.524215690060515,0.30428305081583307,14.983507627445844,"{""type"":""MultiPoint"",""coordinates"":[]}"
771_0,-4.6618911031688235,-4.6709961359967025,21.77567532933898,1.0019530771153555,6.599350995385891,"{""type"":""MultiPoint"",""coordinates"":[]}"
773_0,-6.273660217071139,-6.2759302181045165,39.3730537344369,1.0003618304075825,8.87390064299677,"{""type"":""MultiPoint"",""coordinates"":[]}"
775_0,-44.58125570717131,-20.75544359751361,925.3037383365258,0.4655643558773717,49.175977868851405,"{""type"":""MultiPoint"",""coordinates"":[]}"
781_0,-20.985254639147257,-3.09005282968074,64.84554547926786,0.14724876504078035,21.211537868812563,"{""type"":""MultiPoint"",""coordinates"":[]}"
782_0,-20.856734194584124,-15.352523767422337,320.20350743316294,0.7360943292554849,25.89794098558421,"{""type"":""MultiPoint"",""coordinates"":[]}"
787_0,-2.108989719676046,-0.5022670839733934,1.059276116631552,0.23815530217498865,2.1679736763490425,"{""type"":""MultiPoint"",""coordinates"":[]}"
789_0,-34.083289896658655,-10.0571916430972,342.78217831793467,0.29507690347941307,35.53614714520495,"{""type"":""MultiPoint"",""coordinates"":[]}"
800_0,-0.7415323752504186,-3.678778465900219,2.7279333338390805,4.9610490231904985,3.7527698123806763,"{""type"":""MultiPoint"",""coordinates"":[]}"
801_0,-14.602556393795254,-12.364462818363865,180.55276558414295,0.8467327558904431,19.134121198024047,"{""type"":""MultiPoint"",""coordinates"":[]}"
804_0,-7.103959063831002,-0.3833204259306946,2.7230926141419185,0.053958704222034,7.114293283912488,"{""type"":""MultiPoint"",""coordinates"":[]}"
807_0,-8.986451249543038,-2.610917266046549,23.4628807279175,0.2905393011706723,9.358055088027298,"{""type"":""MultiPoint"",""coordinates"":[]}"
813_0,-32.43156645899464,-10.415179065576254,337.78057204756595,0.3211432626526027,34.062919104976956,"{""type"":""MultiPoint"",""coordinates"":[]}"
815_0,-25.571997989925432,-15.181365901900513,388.2178583277224,0.593671480338826,29.738879465173834,"{""type"":""MultiPoint"",""coordinates"":[]}"
817_0,-25.317547238194805,-8.492219236257132,215.00216167104654,0.33542819754061787,26.703857131786805,"{""type"":""MultiPoint"",""coordinates"":[]}"
821_0,-11.52407268812911,-3.9634495026172214,45.67508016389002,0.3439278465068995,12.186598511524041,"{""type"":""MultiPoint"",""coordinates"":[]}"
824_0,-9.969531150464963,-0.03019828797330959,0.3010627726406214,0.00302905798853953,9.969576886542768,"{""type"":""MultiPoint"",""coordinates"":[]}"
827_0,-15.59581789934181,-10.06919709166316,157.0373642341608,0.6456344358886179,18.563896843609864,"{""type"":""MultiPoint"",""coordinates"":[]}"
828_0,-45.0607721482654,-16.32238504159953,735.499273275772,0.3622304781616543,47.92591616280406,"{""type"":""MultiPoint"",""coordinates"":[]}"
833_0,-12.014082254630036,-4.279451514410885,51.41368249883345,0.3562029478166468,12.753504525627847,"{""type"":""MultiPoint"",""coordinates"":[]}"
834_0,-31.530193957056145,-7.0840565529926565,223.36167711861304,0.2246753243142456,32.316203183783486,"{""type"":""MultiPoint"",""coordinates"":[]}"
836_0,-14.65228680661184,-19.45444031395871,285.0520391422347,1.3277408892364773,24.35497396000647,"{""type"":""MultiPoint"",""coordinates"":[]}"
839_0,-5.054280226087343,-3.630695227535835,18.350551095484057,0.7183407063178323,6.223158076014863,"{""type"":""MultiPoint"",""coordinates"":[]}"
840_0,-3.668546193238317,-3.6641039152650023,13.441934469975036,0.9987890903536931,5.184967567283683,"{""type"":""MultiPoint"",""coordinates"":[]}"
842_0,-10.240668401421548,-3.20455724980331,32.816808168607096,0.31292461821715395,10.730353045223662,"{""type"":""MultiPoint"",""coordinates"":[]}"
843_0,-15.494883306636819,-6.55713392723926,101.60202502856153,0.42318059435986116,16.82520175290759,"{""type"":""MultiPoint"",""coordinates"":[]}"
844_0,-31.354853665712053,-10.321648270007536,323.63377109503625,0.32918821373083695,33.01004803704421,"{""type"":""MultiPoint"",""coordinates"":[]}"
848_0,-22.12167689092349,-13.641171181091037,301.7655812818731,0.6166427277801892,25.989423611504872,"{""type"":""MultiPoint"",""coordinates"":[]}"
849_0,-12.310296992055036,-5.9040990044193755,72.68121221489898,0.47960654468611374,13.6529043462036,"{""type"":""MultiPoint"",""coordinates"":[]}"
852_0,-20.406124368420326,-5.750709760531802,117.34969858010061,0.28181293305412575,21.2009569239059,"{""type"":""MultiPoint"",""coordinates"":[]}"
858_0,-5.920582296853809,-4.598360588677158,27.22497229587224,0.7766737050713276,7.49654686087655,"{""type"":""MultiPoint"",""coordinates"":[]}"
860_0,-6.89584553972492,-2.7289598574799037,18.81848566129115,0.395739701789893,7.416192258260354,"{""type"":""MultiPoint"",""coordinates"":[]}"
861_0,-10.461760387380416,-2.4781490178102494,25.925801228552952,0.23687686642102193,10.75126285407607,"{""type"":""MultiPoint"",""coordinates"":[]}"
863_0,-40.13051871857023,-24.520747967654778,984.0303353093129,0.6110249443725208,47.0289869496969,"{""type"":""MultiPoint"",""coordinates"":[]}"
871_0,-8.185254102118915,-6.807492750929491,55.72105796469039,0.8316776322395706,10.64614213084778,"{""type"":""MultiPoint"",""coordinates"":[]}"
873_0,-14.97346953276999,-5.842513446125849,87.4826970803644,0.39019102642438974,16.072950980356797,"{""type"":""MultiPoint"",""coordinates"":[]}"
874_0,-32.458350405547016,-19.9868343416737,648.7396725596656,0.6157686417193284,38.118473973268934,"{""type"":""MultiPoint"",""coordinates"":[]}"
875_0,-9.467619993255266,-5.290862541660172,50.09187598098721,0.5588376535422189,10.845692913384076,"{""type"":""MultiPoint"",""coordinates"":[]}"
876_0,-24.181933381841134,-2.853557492789692,69.00453719189395,0.11800369506155804,24.349716475730446,"{""type"":""MultiPoint"",""coordinates"":[]}"
878_0,-24.722206400346764,-15.047019386980242,371.9955189949448,0.6086438703452126,28.941324809578184,"{""type"":""MultiPoint"",""coordinates"":[]}"
883_0,-13.339568445128204,-10.181782633763314,135.82058633650345,0.7632767638357778,16.78132247182755,"{""type"":""MultiPoint"",""coordinates"":[]}"
887_0,-11.166928609615645,-2.4922199914463903,27.830442723938756,0.2231786446006634,11.441654384660351,"{""type"":""MultiPoint"",""coordinates"":[]}"
890_0,-13.371737575934052,-7.527879948388126,100.66083517298199,0.5629694649359945,15.345108090756177,"{""type"":""MultiPoint"",""coordinates"":[]}"
894_0,-35.19193446005784,-21.570313797971927,759.1010694611093,0.6129334499202883,41.27651497381997,"{""type"":""MultiPoint"",""coordinates"":[]}"
896_0,-15.680015743334128,-16.149553378161283,253.22525121738377,1.0299449721551948,22.5093529010784,"{""type"":""MultiPoint"",""coordinates"":[]}"
898_0,-13.408363946095683,-8.26187025579181,110.77816326507921,0.6161728820164927,15.749372172708854,"{""type"":""MultiPoint"",""coordinates"":[]}"
899_0,-4.9220166158824945,-4.245105283040322,20.894478739295028,0.8624727656022337,6.499782029508391,"{""type"":""MultiPoint"",""coordinates"":[]}"
901_0,-13.402178132249148,-9.405184511243391,126.04995818635456,0.7017653711535183,16.373022762430576,"{""type"":""MultiPoint"",""coordinates"":[]}"
903_0,-8.497222166820219,-8.927533523887636,75.85923575420864,1.0506414153495585,12.32491944689451,"{""type"":""MultiPoint"",""coordinates"":[]}"
908_0,-34.99810013251833,-12.410200525716101,434.3334406636437,0.3545964060542023,37.13327470038515,"{""type"":""MultiPoint"",""coordinates"":[]}"
909_0,-18.050794680714205,-6.182078587187618,111.59143127736344,0.3424823503085248,19.080075583274397,"{""type"":""MultiPoint"",""coordinates"":[]}"
911_0,-25.606519787814698,-10.701124361449686,274.0185527133273,0.41790623833786267,27.75262002483653,"{""type"":""MultiPoint"",""coordinates"":[]}"
912_0,-11.952220259009554,-4.342911685382294,51.90743702911558,0.3633560619926342,12.716778327348027,"{""type"":""MultiPoint"",""coordinates"":[]}"
914_0,-18.771677971035345,-8.643179163256569,162.24697589861503,0.46043721699216095,20.665924607827403,"{""type"":""MultiPoint"",""coordinates"":[]}"
917_0,-36.77020067735799,-19.152415728193212,704.2381697818519,0.5208678597173582,41.45916890241193,"{""type"":""MultiPoint"",""coordinates"":[]}"
919_0,-9.090535129572292,-2.195781231865169,19.96082642512584,0.2415458716750463,9.351966860516521,"{""type"":""MultiPoint"",""coordinates"":[]}"
920_0,-12.791043954223305,-12.59683024117274,161.12660929872987,0.9848164298593908,17.952463272871405,"{""type"":""MultiPoint"",""coordinates"":[]}"
921_0,-34.383020882705864,-8.295461873877482,285.22303884121976,0.24126623143954093,35.36957467544023,"{""type"":""MultiPoint"",""coordinates"":[]}"
922_0,-17.821867615683235,-1.2499256966319052,22.27601029481446,0.07013438342073483,17.865645232065916,"{""type"":""MultiPoint"",""coordinates"":[]}"
924_0,-26.25443514692212,-11.066714158843215,290.55032917287394,0.42151789200235745,28.491534306833678,"{""type"":""MultiPoint"",""coordinates"":[]}"
928_0,-32.77211258501404,-11.707402227187671,383.6763038674385,0.35723672670834183,34.80049755670161,"{""type"":""MultiPoint"",""coordinates"":[]}"
930_0,-11.210116376328688,-6.0571719727377005,67.90160272582604,0.5403308734178747,12.74190101508216,"{""type"":""MultiPoint"",""coordinates"":[]}"
931_0,-39.13581485982711,-25.060932504001784,980.7800146912372,0.6403580095051711,46.472167398484835,"{""type"":""MultiPoint"",""coordinates"":[]}"
932_0,-34.21140029842563,-21.091504801042475,721.5699136446301,0.6165051595977228,40.19044022092213,"{""type"":""MultiPoint"",""coordinates"":[]}"
936_0,-7.580335949591099,-1.3769892150876917,10.438040849328459,0.18165279537010093,7.704387867126823,"{""type"":""MultiPoint"",""coordinates"":[]}"
937_0,-2.568948392616438,-0.8983853241971964,2.307905534546585,0.34970937009840186,2.7215054720980225,"{""type"":""MultiPoint"",""coordinates"":[]}"
938_0,-13.301566916766191,-10.059159346134276,133.8025811690191,0.7562386754191368,16.676881278948095,"{""type"":""MultiPoint"",""coordinates"":[]}"
939_0,-8.737182643128168,-0.010442701530326559,0.09123979055813718,0.001195202384665701,8.737188883696826,"{""type"":""MultiPoint"",""coordinates"":[]}"
941_0,-8.259354454996547,-1.0037936482904826,8.290687540905234,0.1215341530333804,8.320128466653602,"{""type"":""MultiPoint"",""coordinates"":[]}"
942_0,-16.4679658181988,-1.6845578043428944,27.741240340698806,0.10229301074218192,16.553900844983236,"{""type"":""MultiPoint"",""coordinates"":[]}"
943_0,-19.218667600210097,-1.9384689159454904,37.25478974889599,0.10086385571933713,19.31618093892921,"{""type"":""MultiPoint"",""coordinates"":[]}"
948_0,-8.92280933861371,-6.81256851868374,60.78724999845705,0.7635004021885974,11.22620222136644,"{""type"":""MultiPoint"",""coordinates"":[]}"
949_0,-23.988520921765865,-17.003995967695246,407.9007130246798,0.7088388660205706,29.403826534711346,"{""type"":""MultiPoint"",""coordinates"":[]}"
950_0,-8.715216834208547,-2.650771980621446,23.10205258916036,0.3041544497455031,9.109423503192714,"{""type"":""MultiPoint"",""coordinates"":[]}"
951_0,-8.884185710951588,-0.24498946093481777,2.1765318681708403,0.027575904973802814,8.887562972077639,"{""type"":""MultiPoint"",""coordinates"":[]}"
954_0,-26.22138320721168,-10.10264528411307,264.9053334012587,0.38528269863866427,28.100255853569283,"{""type"":""MultiPoint"",""coordinates"":[]}"
959_0,-4.993186863591703,-1.765499108435474,8.815466955922872,0.35358162165104995,5.296121425782381,"{""type"":""MultiPoint"",""coordinates"":[]}"
962_0,-30.89233884020231,-11.16151376543672,344.8052652114535,0.361303617158034,32.84685660080589,"{""type"":""MultiPoint"",""coordinates"":[]}"
965_0,-4.022624205445624,-2.9165532898069344,11.732197860049439,0.7250374732640084,4.96868076963299,"{""type"":""MultiPoint"",""coordinates"":[]}"
966_0,-8.674763184154862,-4.695165667680202,40.7294502775001,0.5412442470194796,9.863878392809367,"{""type"":""MultiPoint"",""coordinates"":[]}"
971_0,-9.50248595055325,-9.960613687504818,94.65059162440294,1.0482113564108868,13.766301764532486,"{""type"":""MultiPoint"",""coordinates"":[]}"
972_0,-26.834522996624774,-25.62034835980144,687.5098272426295,0.9547532617972732,37.10113036733469,"{""type"":""MultiPoint"",""coordinates"":[]}"
974_0,-12.220633001222264,-9.057370092697344,110.68679585910071,0.7411539231880588,15.211174311888316,"{""type"":""MultiPoint"",""coordinates"":[]}"
976_0,-26.22886581466853,-3.2932954508192385,86.37940446759612,0.12555996412843204,26.43481032370526,"{""type"":""MultiPoint"",""coordinates"":[]}"
977_0,-30.287618351894125,-19.467887548904624,589.6359481988148,0.6427671969026625,36.004700679866644,"{""type"":""MultiPoint"",""coordinates"":[]}"
980_0,-12.38393897970003,-3.007563533304836,37.245483274018106,0.24286000910008415,12.743915530942555,"{""type"":""MultiPoint"",""coordinates"":[]}"
981_0,-8.8464615815992,-0.029516841675512495,0.26111960589256744,0.0033365703793828776,8.846510823971965,"{""type"":""MultiPoint"",""coordinates"":[]}"
984_0,-10.932942897853728,-0.7412064963115164,8.103568299692038,0.06779569812415506,10.958039399359023,"{""type"":""MultiPoint"",""coordinates"":[]}"
985_0,-11.129741370682453,-6.559123529793617,73.00134850496073,0.5893329693241043,12.918716827044891,"{""type"":""MultiPoint"",""coordinates"":[]}"
987_0,-4.457692003007118,-4.02398438721438,17.93768302311104,0.9027057913601562,6.0052866994189955,"{""type"":""MultiPoint"",""coordinates"":[]}"
997_0,-14.225675128328582,-6.1567193387186805,87.58348916890994,0.4327892548634387,15.500807265187804,"{""type"":""MultiPoint"",""coordinates"":[]}"
998_0,-24.990763963885804,-9.54539888247453,238.5468104130603,0.3819570660692327,26.751690102201007,"{""type"":""MultiPoint"",""coordinates"":[]}"
1000_0,-30.757665196263904,-19.351667985909856,595.212124899874,0.6291657010513425,36.3389738732721,"{""type"":""MultiPoint"",""coordinates"":[]}"
1002_0,-31.070846981645996,-9.237960342413105,287.03125222163163,0.29731923136405336,32.41508049419062,"{""type"":""MultiPoint"",""coordinates"":[]}"
1003_0,-17.98066116067839,-9.427108866277042,169.50565024935452,0.5242915586937943,20.30208258656652,"{""type"":""MultiPoint"",""coordinates"":[]}"
1005_0,-22.157048466130053,-8.220265574106717,182.1368227299429,0.37100002677127636,23.632764604237064,"{""type"":""MultiPoint"",""coordinates"":[]}"
1007_0,-39.683992645552756,-20.38968865747588,809.1442547283832,0.5138013415028914,44.61567746701921,"{""type"":""MultiPoint"",""coordinates"":[]}"
1009_0,-16.519693759766962,-2.2546310024373426,37.2458137015413,0.1364814042696363,16.67284147569439,"{""type"":""MultiPoint"",""coordinates"":[]}"
1011_0,-19.87938202093034,-12.36601643018279,245.82876469270497,0.6220523564144511,23.411710571541736,"{""type"":""MultiPoint"",""coordinates"":[]}"
1012_0,-15.353802792968445,-8.711001214533008,133.7469947772484,0.5673513807616684,17.65278454989357,"{""type"":""MultiPoint"",""coordinates"":[]}"
1013_0,-22.89958470814717,-7.633400980209615,174.8017123575637,0.33334233251373413,24.13834688478631,"{""type"":""MultiPoint"",""coordinates"":[]}"
1015_0,-19.078913507794763,-7.137414388434216,136.17411178622626,0.3740996249874605,20.37026324793426,"{""type"":""MultiPoint"",""coordinates"":[]}"
1017_0,-15.645508581650347,-2.128375270659639,33.299513562077756,0.1360374614575252,15.789614310401953,"{""type"":""MultiPoint"",""coordinates"":[]}"
1019_0,-29.6644146734146,-12.498588703981333,370.76331814735784,0.42133272614957856,32.18993969406568,"{""type"":""MultiPoint"",""coordinates"":[]}"
1026_0,-13.153684519808134,-7.506037787408655,98.73205304933212,0.570641463698275,15.144636664926853,"{""type"":""MultiPoint"",""coordinates"":[]}"
1029_0,-5.638572975605069,-6.057711788181631,34.1568499828452,1.0743342002293736,8.275830913563816,"{""type"":""MultiPoint"",""coordinates"":[]}"
1030_0,-7.843317694786602,-4.61238452144983,36.17639713224728,0.5880654973998629,9.098995737720871,"{""type"":""MultiPoint"",""coordinates"":[]}"
1034_0,-20.144136503166532,-6.9256005280766555,139.51024240397837,0.34380230331481293,21.301412585382735,"{""type"":""MultiPoint"",""coordinates"":[]}"
1035_0,-15.187052376859658,-4.6072956696415215,69.97124065052448,0.30336997300816626,15.8705303403817,"{""type"":""MultiPoint"",""coordinates"":[]}"
1037_0,-15.698346452520806,-9.278546327333745,145.65783482224964,0.5910524624613451,18.235391503662626,"{""type"":""MultiPoint"",""coordinates"":[]}"
1038_0,-23.24650116824095,-17.320170487096313,402.63336346241687,0.7450656923270196,28.98944846434837,"{""type"":""MultiPoint"",""coordinates"":[]}"
1039_0,-32.304926599756584,-20.37637590122067,658.2573278579827,0.6307513449473123,38.194305563572,"{""type"":""MultiPoint"",""coordinates"":[]}"
1040_0,-13.893409276735792,-7.157570510168673,99.44305652486798,0.5151774030117912,15.628743933500363,"{""type"":""MultiPoint"",""coordinates"":[]}"
1043_0,-21.037143359407807,-5.6982570349263995,119.87505014250073,0.27086648303787597,21.795218144362863,"{""type"":""MultiPoint"",""coordinates"":[]}"
1044_0,-18.295563921755864,-9.146825878059104,167.34633753320105,0.499947742369521,20.454634752509918,"{""type"":""MultiPoint"",""coordinates"":[]}"
1046_0,-18.57491491162626,-7.5324165419633164,139.9139963458947,0.40551553413839264,20.044070518130745,"{""type"":""MultiPoint"",""coordinates"":[]}"
1047_0,-22.314419065515743,-9.257548551992985,206.5768179085299,0.41486845455454474,24.158549282271895,"{""type"":""MultiPoint"",""coordinates"":[]}"
1048_0,-27.215009468753536,-24.9421504054109,678.8008594543325,0.9164850901135205,36.91568240234066,"{""type"":""MultiPoint"",""coordinates"":[]}"
1049_0,-20.804034719569035,-5.977549353872611,124.35714429590325,0.28732644578072686,21.645760714075557,"{""type"":""MultiPoint"",""coordinates"":[]}"
1051_0,-33.1013563767709,-24.166649783440462,799.948886914276,0.7300803480185957,40.9844696895965,"{""type"":""MultiPoint"",""coordinates"":[]}"
1055_0,-22.919942445967543,-9.00643522168533,206.42697692436266,0.39295191263754203,24.625995150021424,"{""type"":""MultiPoint"",""coordinates"":[]}"
1056_0,-5.204735772697553,-4.103773952078026,21.359059091444916,0.7884692194376446,6.627988768348336,"{""type"":""MultiPoint"",""coordinates"":[]}"
1057_0,-34.3021513341213,-24.292353375667737,833.2799817541071,0.7081874585371403,42.03279694092787,"{""type"":""MultiPoint"",""coordinates"":[]}"
1058_0,-13.423476460511065,-1.6411803122583137,22.030345289053674,0.12226194287942528,13.52343126219226,"{""type"":""MultiPoint"",""coordinates"":[]}"
1059_0,-8.903039628608624,-5.017589177707947,44.671795289211616,0.5635815841574661,10.219604482798124,"{""type"":""MultiPoint"",""coordinates"":[]}"
1062_0,-40.20467420911006,-13.547743794552012,544.6826255284561,0.3369693713742916,42.42590234966726,"{""type"":""MultiPoint"",""coordinates"":[]}"
1063_0,-14.016826821921402,-8.546526185507549,119.79517747127582,0.6097333079796163,16.41689812343676,"{""type"":""MultiPoint"",""coordinates"":[]}"
1067_0,-32.61469489727955,-6.932776508049406,226.11039060105847,0.21256603901659313,33.34339084966006,"{""type"":""MultiPoint"",""coordinates"":[]}"
1068_0,-29.620067558531247,-18.027121240882302,533.9645490407675,0.6086117530035844,34.67456564119333,"{""type"":""MultiPoint"",""coordinates"":[]}"
1070_0,-15.222392455686844,-5.4040739983325246,82.26293526219045,0.35500819033959724,16.153180734901884,"{""type"":""MultiPoint"",""coordinates"":[]}"
1073_0,-3.5373133146127245,-0.147989492143072,0.5234852009804638,0.04183669326992436,3.5404076566860523,"{""type"":""MultiPoint"",""coordinates"":[]}"
1076_0,-12.934568307539713,-8.75151734949722,113.19709895169069,0.6765991057000222,15.617045598350593,"{""type"":""MultiPoint"",""coordinates"":[]}"
1082_0,-29.105805847469494,-13.602052276128232,395.89869267611886,0.4673312378777795,32.12730552276543,"{""type"":""MultiPoint"",""coordinates"":[]}"
1093_0,-11.887081700961044,-0.3269684891331792,3.8867011439658947,0.027506203571120786,11.891577681628664,"{""type"":""MultiPoint"",""coordinates"":[]}"
1095_0,-31.458491613408118,-12.545845525525126,394.6733762478459,0.3988063280242554,33.86790419469749,"{""type"":""MultiPoint"",""coordinates"":[]}"
1098_0,-11.858979070115545,-9.68188840527564,114.81731195735819,0.816418373624915,15.309289587621283,"{""type"":""MultiPoint"",""coordinates"":[]}"
1102_0,-6.9998001417844335,-2.0386076600012544,14.269846187519613,0.29123798090063174,7.290618850025091,"{""type"":""MultiPoint"",""coordinates"":[]}"
1103_0,-46.73115046249886,-17.264152675215406,806.7737162730434,0.3694356441977534,49.81818333843432,"{""type"":""MultiPoint"",""coordinates"":[]}"
1105_0,-10.172350774158904,-6.690860366560893,68.06177862957482,0.6577496701704256,12.175562932256833,"{""type"":""MultiPoint"",""coordinates"":[]}"
1109_0,-28.692060558928596,-2.7888244651845824,80.01712044329769,0.09719847270839307,28.82727668398175,"{""type"":""MultiPoint"",""coordinates"":[]}"
1112_0,-51.0543505814845,-17.39014737437586,887.8426807150673,0.34062028360581315,53.93481193996729,"{""type"":""MultiPoint"",""coordinates"":[]}"
1113_0,-17.006754509480057,-8.46792303605214,144.01188827930977,0.49791528603131624,18.998300436887053,"{""type"":""MultiPoint"",""coordinates"":[]}"
1114_0,-1.638482251651407,-0.018750484758133013,0.030722336486061166,0.011443813162598874,1.6385895366611278,"{""type"":""MultiPoint"",""coordinates"":[]}"
1115_0,-9.962756709806214,-12.377814707847147,123.31715653334221,1.2424086092219657,15.889204454615903,"{""type"":""MultiPoint"",""coordinates"":[]}"
1116_0,-44.95008317490603,-20.428269944988276,918.252433146656,0.4544656761923997,49.37432723973342,"{""type"":""MultiPoint"",""coordinates"":[]}"
1118_0,-25.696741446210638,-4.73368869240117,121.64037441548379,0.18421357829785154,26.12910885564156,"{""type"":""MultiPoint"",""coordinates"":[]}"
1124_0,-6.874806069702302,-1.0635376402555714,7.3116150245858655,0.15470074784256793,6.956584708623622,"{""type"":""MultiPoint"",""coordinates"":[]}"
1126_0,-24.069932327187615,-10.923185412721217,262.9203336815226,0.45381039149757785,26.432510697927977,"{""type"":""MultiPoint"",""coordinates"":[]}"
1128_0,-45.77260196038449,-17.418438133265692,797.2872354455532,0.38054288782492834,48.97482084935277,"{""type"":""MultiPoint"",""coordinates"":[]}"
1136_0,-8.866927880306651,-4.067396801030986,36.065314095331736,0.4587154486803292,9.755312745965478,"{""type"":""MultiPoint"",""coordinates"":[]}"
1143_0,-19.845842530921004,-9.635807213752633,191.23071262244744,0.48553278595955157,22.061419864159248,"{""type"":""MultiPoint"",""coordinates"":[]}"
1144_0,-11.614081969207096,-1.6947803092385847,19.683317431295073,0.1459246037467298,11.737085681038721,"{""type"":""MultiPoint"",""coordinates"":[]}"
1146_0,-19.19511047662275,-4.3893376588708115,84.2538212812259,0.2286695700041152,19.69057011092706,"{""type"":""MultiPoint"",""coordinates"":[]}"
1148_0,-22.26116015132789,-18.23385864448897,405.9068474616434,0.8190884266829781,28.77555998326138,"{""type"":""MultiPoint"",""coordinates"":[]}"
1158_0,-3.3690529529300406,-8.747644922258553,29.471278956518653,2.5964700004643118,9.373996452184228,"{""type"":""MultiPoint"",""coordinates"":[]}"
1159_0,-36.65678553577678,-19.392554888150475,710.8687255257115,0.5290304265556365,41.47036424853129,"{""type"":""MultiPoint"",""coordinates"":[]}"
1161_0,-24.248380481818856,-8.880961143773122,215.34892485845984,0.36624966151582616,25.823544040821773,"{""type"":""MultiPoint"",""coordinates"":[]}"
1162_0,-10.795749565329967,-1.0835289386827114,11.697507068806322,0.10036625360062193,10.849988186089654,"{""type"":""MultiPoint"",""coordinates"":[]}"
1165_0,-12.381549911372865,-9.948960406706128,123.1835498419044,0.8035310989270962,15.883469123022953,"{""type"":""MultiPoint"",""coordinates"":[]}"
1166_0,-21.340792310941303,-7.675102264808636,163.7927633985163,0.3596446726522733,22.678990525021216,"{""type"":""MultiPoint"",""coordinates"":[]}"
1168_0,-12.71043284655439,-10.648278510739832,135.34422894216684,0.8377589212964075,16.581343081579746,"{""type"":""MultiPoint"",""coordinates"":[]}"
1169_0,-4.064623748280539,-10.314604883632748,41.924987964144094,2.5376530578005267,11.086579279495849,"{""type"":""MultiPoint"",""coordinates"":[]}"
1171_0,-12.653138850266398,-3.8235892241546665,48.380405359611366,0.3021850364089038,13.21823578694194,"{""type"":""MultiPoint"",""coordinates"":[]}"
1176_0,-15.485953865614576,-4.6168497027421616,71.49632150114148,0.2981314385156175,16.159519433004604,"{""type"":""MultiPoint"",""coordinates"":[]}"
1177_0,-22.299698636326557,-7.7041130116095715,171.79939841909564,0.345480588650622,23.593005670465907,"{""type"":""MultiPoint"",""coordinates"":[]}"
1179_0,-27.899214885518614,-4.744505758822481,132.36798569096894,0.17005875535534037,28.299761944649696,"{""type"":""MultiPoint"",""coordinates"":[]}"
1181_0,-9.882175330054043,-2.4619894713489856,24.32981161661774,0.2491343645625767,10.184241818169971,"{""type"":""MultiPoint"",""coordinates"":[]}"
1182_0,-15.307404870187895,-2.760197575578239,42.25146181108716,0.18031780037084486,15.554270619867717,"{""type"":""MultiPoint"",""coordinates"":[]}"
1183_0,-12.49276456389541,-9.253418761952508,115.60078200420523,0.7407022452576477,15.54654061947466,"{""type"":""MultiPoint"",""coordinates"":[]}"
1184_0,-21.426772082053898,-13.966025117655066,299.24683708823505,0.6518025703625411,25.57648176437206,"{""type"":""MultiPoint"",""coordinates"":[]}"
1186_0,-5.15852157200818,-5.9586518520654685,30.737834118966212,1.1551084489786874,7.881362617149207,"{""type"":""MultiPoint"",""coordinates"":[]}"
1188_0,-13.149253722025378,-5.805326233885902,76.33570758849577,0.441494730926198,14.373749897923025,"{""type"":""MultiPoint"",""coordinates"":[]}"
1192_0,-17.18846247189796,-18.009097292546027,309.54869296568654,1.0477433523789432,24.895196874904066,"{""type"":""MultiPoint"",""coordinates"":[]}"
1193_0,-9.791067073325738,-2.43599641083771,23.851004248892778,0.24879784732291424,10.089552663422579,"{""type"":""MultiPoint"",""coordinates"":[]}"
1196_0,-39.032374009418405,-23.58041488534995,920.3995731022362,0.6041245372279959,45.60221690857096,"{""type"":""MultiPoint"",""coordinates"":[]}"
